Workbook

Sheet सारांश
A1: BPSC 1.5 वर्षीय अध्ययन योजना (15 नवंबर 2026 → 14 मई 2028)
A2: प्रारंभिक + मुख्य परीक्षा की तैयारी • दिन-वार, सप्ताह-वार व माह-वार • हर विषय के लिए सैद्धांतिक रूपरेखा, नोट्स स्रोत व YouTube लिंक
A4: योजना आरंभ तिथि (आवश्यकता हो तो बदलें) | B4: 46341 | E4: ← 15 नवंबर 2026 रविवार है = दिन 1 (शुभारंभ)। सप्ताह 16 नवंबर से सोम–रवि चलते हैं। तिथि बदलें तो रविवार ही रखें।
A5: योजना समाप्ति तिथि | B5: =B4+546 -> 46887
A6: कुल दिन / सप्ताह / माह | B6: =B5-B4+1 -> 547 | C6: =ROUNDDOWN((B6-1)/7,0) -> 78 | D6: 18
A8: प्रगति डैशबोर्ड
A9: चरण | B9: सप्ताह | C9: आरंभ तिथि | D9: समाप्ति तिथि | E9: नियोजित दिन | F9: पूर्ण दिन | G9: पूर्णता %
A10: शुभारंभ दिवस | B10: दिन 1 | C10: =$B$4 -> 46341 | D10: =$B$4 -> 46341 | E10: =COUNTIF('दैनिक योजना'!$F$6:$F$552,A10) -> 1 | F10: =COUNTIFS('दैनिक योजना'!$F$6:$F$552,A10,'दैनिक योजना'!$W$6:$W$552,"पूर्ण")+COUNTIFS('दैनिक योजना'!$F$6:$F$552,A10,'दैनिक योजना'!$W$6:$W$552,"दोहराया") -> 0 | G10: =IFERROR(F10/E10,0) -> 0
A11: चरण 1: आधार निर्माण (प्रथम अध्ययन) | B11: 1–26 | C11: =$B$4+1+7*0 -> 46342 | D11: =$B$4+7*26 -> 46523 | E11: =COUNTIF('दैनिक योजना'!$F$6:$F$552,A11) -> 182 | F11: =COUNTIFS('दैनिक योजना'!$F$6:$F$552,A11,'दैनिक योजना'!$W$6:$W$552,"पूर्ण")+COUNTIFS('दैनिक योजना'!$F$6:$F$552,A11,'दैनिक योजना'!$W$6:$W$552,"दोहराया") -> 0 | G11: =IFERROR(F11/E11,0) -> 0
A12: चरण 2: उन्नत अध्ययन + मुख्य परीक्षा कौशल (द्वितीय अध्ययन) | B12: 27–52 | C12: =$B$4+1+7*26 -> 46524 | D12: =$B$4+7*52 -> 46705 | E12: =COUNTIF('दैनिक योजना'!$F$6:$F$552,A12) -> 182 | F12: =COUNTIFS('दैनिक योजना'!$F$6:$F$552,A12,'दैनिक योजना'!$W$6:$W$552,"पूर्ण")+COUNTIFS('दैनिक योजना'!$F$6:$F$552,A12,'दैनिक योजना'!$W$6:$W$552,"दोहराया") -> 0 | G12: =IFERROR(F12/E12,0) -> 0
A13: चरण 3A: पुनरावृत्ति चक्र + PYQ | B13: 53–66 | C13: =$B$4+1+7*52 -> 46706 | D13: =$B$4+7*66 -> 46803 | E13: =COUNTIF('दैनिक योजना'!$F$6:$F$552,A13) -> 98 | F13: =COUNTIFS('दैनिक योजना'!$F$6:$F$552,A13,'दैनिक योजना'!$W$6:$W$552,"पूर्ण")+COUNTIFS('दैनिक योजना'!$F$6:$F$552,A13,'दैनिक योजना'!$W$6:$W$552,"दोहराया") -> 0 | G13: =IFERROR(F13/E13,0) -> 0
A14: चरण 3B: टेस्ट सीरीज़ एवं कमज़ोर क्षेत्र सुधार | B14: 67–74 | C14: =$B$4+1+7*66 -> 46804 | D14: =$B$4+7*74 -> 46859 | E14: =COUNTIF('दैनिक योजना'!$F$6:$F$552,A14) -> 56 | F14: =COUNTIFS('दैनिक योजना'!$F$6:$F$552,A14,'दैनिक योजना'!$W$6:$W$552,"पूर्ण")+COUNTIFS('दैनिक योजना'!$F$6:$F$552,A14,'दैनिक योजना'!$W$6:$W$552,"दोहराया") -> 0 | G14: =IFERROR(F14/E14,0) -> 0
A15: चरण 3C: अंतिम मॉक एवं पुनरावृत्ति | B15: 75–78 | C15: =$B$4+1+7*74 -> 46860 | D15: =$B$4+7*78 -> 46887 | E15: =COUNTIF('दैनिक योजना'!$F$6:$F$552,A15) -> 28 | F15: =COUNTIFS('दैनिक योजना'!$F$6:$F$552,A15,'दैनिक योजना'!$W$6:$W$552,"पूर्ण")+COUNTIFS('दैनिक योजना'!$F$6:$F$552,A15,'दैनिक योजना'!$W$6:$W$552,"दोहराया") -> 0 | G15: =IFERROR(F15/E15,0) -> 0
A16: कुल | E16: =SUM(E10:E15) -> 547 | F16: =SUM(F10:F15) -> 0 | G16: =IFERROR(F16/E16,0) -> 0
A18: बीते दिन (आज तक) | B18: =MAX(0,MIN(TODAY()-B4+1,B6)) -> 0
A19: आज तक अपेक्षित पूर्णता | B19: =IFERROR(B18/B6,0) -> 0
A20: आपकी वास्तविक पूर्णता | B20: =G16 -> 0
A21: आगे / (पीछे) – दिनों में | B21: =F16-B18 -> 0
A23: 18 माह की योजना कैसे बनी है
A24: • चरण 1 (सप्ताह 1–26, नवंबर 2026–मई 2027): सभी सामान्य अध्ययन विषयों का प्रथम अध्ययन – इतिहास, भूगोल, राजव्यवस्था, अर्थव्यवस्था, पर्यावरण (प्राथमिक 3 घंटे) तथा बिहार विशेष, विज्ञान, गणित-तर्कशक्ति व हिंदी (द्वितीयक 2 घंटे)। पहले NCERT, फिर मानक पुस्तक/कोचिंग नोट्स।
A25: • चरण 2 (सप्ताह 27–52, मई–नवंबर 2027): उन्हीं विषयों का द्वितीय, उन्नत अध्ययन + PYQ; बिहार गहन अध्ययन; गणित-तर्कशक्ति की गति का अभ्यास; मुख्य परीक्षा उत्तर लेखन, निबंध व बिहार के समसामयिक मुद्दे।
A26: • चरण 3A (सप्ताह 53–66): विषय-वार पुनरावृत्ति चक्र, प्रतिदिन 60 PYQ MCQ। चरण 3B (सप्ताह 67–74): सोम–शुक्र सेक्शनल टेस्ट, हर शनिवार पूर्ण मॉक, कमज़ोर क्षेत्र सुधार। चरण 3C (सप्ताह 75–78): प्रतिदिन पूर्ण मॉक / मुख्य परीक्षा टेस्ट, अंतिम संक्षिप्त नोट्स पुनरावृत्ति, अंतिम सप्ताह हल्का व विश्राम।
A27: • प्रतिदिन: 1 घंटा करेंट अफेयर्स (घूमता विषय) + 1 घंटा अभ्यास + 0.5 घंटा पुनरावृत्ति। प्रत्येक रविवार: टेस्ट + साप्ताहिक पुनरावृत्ति। हर चौथा रविवार: 150 प्रश्नों का मासिक टेस्ट।
A28: • घंटे: अपनी दिनचर्या अलग हो तो 'दैनिक योजना' में 'अध्ययन घंटे' कॉलम बदलें। दैनिक योजना (कॉलम W) में 'स्थिति' भरें – साप्ताहिक, मासिक व यह डैशबोर्ड अपने-आप अपडेट होंगे।
A30: महत्वपूर्ण मान्यताएँ एवं टिप्पणियाँ
A31: • पाठ्यक्रम व पैटर्न: योजना में प्रारंभिक परीक्षा के सामान्य अध्ययन (इतिहास, भूगोल, राजव्यवस्था, अर्थव्यवस्था, विज्ञान, पर्यावरण, बिहार विशेष, गणित/मानसिक योग्यता, करेंट अफेयर्स) तथा मुख्य परीक्षा के सामान्य अध्ययन/हिंदी/निबंध कौशल शामिल हैं। BPSC का पैटर्न हर अधिसूचना में बदल सकता है – bpsc.bihar.gov.in पर नवीनतम पाठ्यक्रम से मिलान अवश्य करें।
A32: • परीक्षा तिथि: योजना मानती है कि परीक्षा 14 मई 2028 के कुछ ही बाद होगी। अधिसूचना पहले आए तो चरण 2/3 छोटे करें; बाद में आए तो चरण 3B/3C के मॉक बढ़ाएँ।
A33: • YouTube लिंक: हर लिंक 'विषय + कोचिंग चैनल' की YouTube खोज है (दृष्टि IAS, BPSC वाला, विजन IAS, EduTeria)। अलग-अलग वीडियो के URL की पुष्टि संभव नहीं थी, इसलिए गलत/टूटे लिंक से बचने के लिए खोज लिंक दिए गए हैं – खोलकर नवीनतम पूर्ण व्याख्यान या प्लेलिस्ट चुनें।
A34: • सैद्धांतिक नोट्स: कोचिंग (दृष्टि, विजन IAS, BPSC वाला आदि) के नोट्स सशुल्क/कॉपीराइट वाले हैं, इसलिए यहाँ कॉपी नहीं किए गए। हर विषय के लिए 'सैद्धांतिक मुख्य बिंदु' (क्या पढ़ना है) + उन्हें पढ़ने के सटीक नोट्स/पुस्तकें दी गई हैं (विषय सूची शीट व दैनिक योजना के नोट्स कॉलम)।
A35: • करेंट अफेयर्स: पिछले 12 महीनों के मासिक संकलन (दृष्टि IAS / विजन IAS) नियमित दोहराएँ – यह दैनिक 1 घंटे के CA स्लॉट व रविवार के संकलन में शामिल है।
A37: रंग संकेत: पीला सेल = इनपुट • नीला/हरा/पीला/नारंगी/बैंगनी पट्टियाँ = चरण • दैनिक योजना में नारंगी पंक्ति = रविवार टेस्ट दिवस • हरी पंक्ति = पूर्ण।

Sheet मासिक योजना
A1: मासिक योजना – 18 माह
A2: प्रत्येक माह 15 तारीख से अगले माह की 14 तारीख तक चलता है। पूर्णता दैनिक योजना की 'स्थिति' से स्वतः गणना होती है।
A5: माह # | B5: से | C5: तक | D5: चरण | E5: प्राथमिक फोकस (विषय) | F5: द्वितीयक फोकस (विषय) | G5: मासिक लक्ष्य एवं उपलब्धियाँ | H5: मासिक टेस्ट | I5: नियोजित दिन | J5: पूर्ण दिन | K5: पूर्णता %
A6: 1 | B6: =EDATE(सारांश!$B$4,A6-1) -> 46341 | C6: =EDATE(सारांश!$B$4,A6)-1 -> 46370 | D6: शुभारंभ दिवस चरण 1: आधार निर्माण (प्रथम अध्ययन) | E6: प्रारंभिक दिशा-निर्देश; प्रागैतिहास एवं सिंधु घाटी सभ्यता; वैदिक काल एवं महाजनपद; जैन, बौद्ध एवं अन्य नास्तिक संप्रदाय; मौर्य साम्राज्य; मौर्योत्तर काल (शुंग, कुषाण, सातवाहन, संगम); गुप्त साम्राज्य, हर्षवर्धन एवं पाल वंश; पूर्व मध्यकालीन भारत (राजपूत, चोल, चालुक्य, पल्लव); दिल्ली सल्तनत; भक्ति एवं सूफी आंदोलन; मुगल साम्राज्य | F6: योजना; बिहार – प्राचीन इतिहास; बिहार – मध्यकालीन एवं औपनिवेशिक इतिहास; बिहार – स्वतंत्रता संग्राम एवं आधुनिक राजनीति; बिहार – भूगोल: भौतिक स्वरूप, नदियाँ एवं जलवायु; बिहार – कृषि, सिंचाई एवं उद्योग | G6: सप्ताह 1–5। सूचीबद्ध हर विषय नोट्स + 50 MCQ के साथ पूरा करें; त्रुटि-लॉग रखें; मासिक टेस्ट ≥ 55%। | H6: मासिक टेस्ट: 150 प्रश्न, प्रारंभिक परीक्षा पैटर्न (माह का अंतिम रविवार) + विश्लेषण | I6: =COUNTIF('दैनिक योजना'!$E$6:$E$552,A6) -> 30 | J6: =COUNTIFS('दैनिक योजना'!$E$6:$E$552,A6,'दैनिक योजना'!$W$6:$W$552,"पूर्ण")+COUNTIFS('दैनिक योजना'!$E$6:$E$552,A6,'दैनिक योजना'!$W$6:$W$552,"दोहराया") -> 0 | K6: =IFERROR(J6/I6,0) -> 0
A7: 2 | B7: =EDATE(सारांश!$B$4,A7-1) -> 46371 | C7: =EDATE(सारांश!$B$4,A7)-1 -> 46401 | D7: चरण 1: आधार निर्माण (प्रथम अध्ययन) | E7: मुगल साम्राज्य; मराठा एवं क्षेत्रीय शक्तियाँ (18वीं शताब्दी); यूरोपीय आगमन एवं ब्रिटिश विस्तार; 1857 का विद्रोह; सामाजिक-धार्मिक सुधार आंदोलन; प्रारंभिक राष्ट्रवाद: कांग्रेस, नरमपंथी, गरमपंथी, स्वदेशी; गांधी युग: चंपारण से भारत छोड़ो तक; क्रांतिकारी आंदोलन, संवैधानिक विकास एवं विभाजन; स्वातंत्र्योत्तर भारत (1947 के बाद); भारतीय कला एवं स्थापत्य; प्रदर्शन कलाएँ, साहित्य, त्योहार एवं यूनेस्को स्थल; ब्रह्मांड, सौरमंडल एवं पृथ्वी | F7: बिहार – कृषि, सिंचाई एवं उद्योग; बिहार – अर्थव्यवस्था, बजट एवं सरकारी योजनाएँ; बिहार – राजव्यवस्था एवं प्रशासन; बिहार – कला, संस्कृति, साहित्य एवं पर्यटन; बिहार – जनसांख्यिकी, शिक्षा एवं स्वास्थ्य; भौतिकी I: गति, बल, कार्य एवं गुरुत्वाकर्षण | G7: सप्ताह 5–9। सूचीबद्ध हर विषय नोट्स + 50 MCQ के साथ पूरा करें; त्रुटि-लॉग रखें; मासिक टेस्ट ≥ 55%। | H7: मासिक टेस्ट: 150 प्रश्न, प्रारंभिक परीक्षा पैटर्न (माह का अंतिम रविवार) + विश्लेषण | I7: =COUNTIF('दैनिक योजना'!$E$6:$E$552,A7) -> 31 | J7: =COUNTIFS('दैनिक योजना'!$E$6:$E$552,A7,'दैनिक योजना'!$W$6:$W$552,"पूर्ण")+COUNTIFS('दैनिक योजना'!$E$6:$E$552,A7,'दैनिक योजना'!$W$6:$W$552,"दोहराया") -> 0 | K7: =IFERROR(J7/I7,0) -> 0
A8: 3 | B8: =EDATE(सारांश!$B$4,A8-1) -> 46402 | C8: =EDATE(सारांश!$B$4,A8)-1 -> 46432 | D8: चरण 1: आधार निर्माण (प्रथम अध्ययन) | E8: ब्रह्मांड, सौरमंडल एवं पृथ्वी; भू-आकृति विज्ञान: पृथ्वी का आंतरिक भाग, चट्टानें एवं स्थलरूप; जलवायु विज्ञान: वायुमंडल, पवनें एवं जलवायु; समुद्र विज्ञान; भारत का भौतिक स्वरूप; भारतीय अपवाह तंत्र; भारत की जलवायु, मानसून, मृदा एवं वनस्पति; भारतीय कृषि; खनिज, ऊर्जा एवं उद्योग | F8: भौतिकी I: गति, बल, कार्य एवं गुरुत्वाकर्षण; भौतिकी II: ऊष्मा, प्रकाश, ध्वनि, विद्युत एवं आधुनिक भौतिकी; रसायन I: पदार्थ, परमाणु, आवर्त सारणी एवं अम्ल-क्षार; रसायन II: धातु, कार्बन यौगिक एवं दैनिक जीवन में रसायन; जीव विज्ञान I: कोशिका, पादप एवं जंतु जगत | G8: सप्ताह 9–13। सूचीबद्ध हर विषय नोट्स + 50 MCQ के साथ पूरा करें; त्रुटि-लॉग रखें; मासिक टेस्ट ≥ 55%। | H8: मासिक टेस्ट: 150 प्रश्न, प्रारंभिक परीक्षा पैटर्न (माह का अंतिम रविवार) + विश्लेषण | I8: =COUNTIF('दैनिक योजना'!$E$6:$E$552,A8) -> 31 | J8: =COUNTIFS('दैनिक योजना'!$E$6:$E$552,A8,'दैनिक योजना'!$W$6:$W$552,"पूर्ण")+COUNTIFS('दैनिक योजना'!$E$6:$E$552,A8,'दैनिक योजना'!$W$6:$W$552,"दोहराया") -> 0 | K8: =IFERROR(J8/I8,0) -> 0
A9: 4 | B9: =EDATE(सारांश!$B$4,A9-1) -> 46433 | C9: =EDATE(सारांश!$B$4,A9)-1 -> 46460 | D9: चरण 1: आधार निर्माण (प्रथम अध्ययन) | E9: खनिज, ऊर्जा एवं उद्योग; परिवहन, जनसंख्या, जनगणना एवं नगरीकरण; विश्व भूगोल; संविधान निर्माण, प्रस्तावना एवं विशेषताएँ; संघ, नागरिकता एवं मौलिक अधिकार; नीति निदेशक तत्व, मौलिक कर्तव्य एवं संविधान संशोधन; संघ की कार्यपालिका; संसद | F9: जीव विज्ञान II: मानव शरीर, पोषण एवं रोग; विज्ञान एवं प्रौद्योगिकी: अंतरिक्ष, रक्षा, IT एवं उभरती तकनीकें; गणित I: संख्या पद्धति, म.स.-ल.स. एवं सरलीकरण; गणित II: प्रतिशत, लाभ-हानि, अनुपात एवं औसत | G9: सप्ताह 14–17। सूचीबद्ध हर विषय नोट्स + 50 MCQ के साथ पूरा करें; त्रुटि-लॉग रखें; मासिक टेस्ट ≥ 55%। | H9: मासिक टेस्ट: 150 प्रश्न, प्रारंभिक परीक्षा पैटर्न (माह का अंतिम रविवार) + विश्लेषण | I9: =COUNTIF('दैनिक योजना'!$E$6:$E$552,A9) -> 28 | J9: =COUNTIFS('दैनिक योजना'!$E$6:$E$552,A9,'दैनिक योजना'!$W$6:$W$552,"पूर्ण")+COUNTIFS('दैनिक योजना'!$E$6:$E$552,A9,'दैनिक योजना'!$W$6:$W$552,"दोहराया") -> 0 | K9: =IFERROR(J9/I9,0) -> 0
A10: 5 | B10: =EDATE(सारांश!$B$4,A10-1) -> 46461 | C10: =EDATE(सारांश!$B$4,A10)-1 -> 46491 | D10: चरण 1: आधार निर्माण (प्रथम अध्ययन) | E10: संसद; न्यायपालिका; संघवाद: केंद्र–राज्य संबंध एवं आपातकाल; राज्य सरकार, पंचायती राज एवं नगरपालिकाएँ; संवैधानिक एवं गैर-संवैधानिक निकाय; शासन, अधिकार एवं सामाजिक न्याय; मूल अवधारणाएँ, राष्ट्रीय आय एवं मुद्रास्फीति; नियोजन, गरीबी एवं बेरोज़गारी; मुद्रा, बैंकिंग एवं मौद्रिक नीति | F10: गणित II: प्रतिशत, लाभ-हानि, अनुपात एवं औसत; गणित III: समय-कार्य, समय-चाल-दूरी एवं ब्याज; गणित IV: बीजगणित, ज्यामिति, क्षेत्रमिति एवं त्रिकोणमिति; गणित V: आँकड़ा व्याख्या एवं सांख्यिकी; तर्कशक्ति I: श्रेणी, कोडिंग-डिकोडिंग एवं सादृश्य | G10: सप्ताह 18–22। सूचीबद्ध हर विषय नोट्स + 50 MCQ के साथ पूरा करें; त्रुटि-लॉग रखें; मासिक टेस्ट ≥ 55%। | H10: मासिक टेस्ट: 150 प्रश्न, प्रारंभिक परीक्षा पैटर्न (माह का अंतिम रविवार) + विश्लेषण | I10: =COUNTIF('दैनिक योजना'!$E$6:$E$552,A10) -> 31 | J10: =COUNTIFS('दैनिक योजना'!$E$6:$E$552,A10,'दैनिक योजना'!$W$6:$W$552,"पूर्ण")+COUNTIFS('दैनिक योजना'!$E$6:$E$552,A10,'दैनिक योजना'!$W$6:$W$552,"दोहराया") -> 0 | K10: =IFERROR(J10/I10,0) -> 0
A11: 6 | B11: =EDATE(सारांश!$B$4,A11-1) -> 46492 | C11: =EDATE(सारांश!$B$4,A11)-1 -> 46521 | D11: चरण 1: आधार निर्माण (प्रथम अध्ययन) | E11: मुद्रा, बैंकिंग एवं मौद्रिक नीति; सार्वजनिक वित्त: बजट, कराधान एवं GST; कृषि अर्थव्यवस्था; उद्योग, सेवाएँ एवं अवसंरचना; बाह्य क्षेत्र एवं अंतर्राष्ट्रीय संस्थाएँ; पूँजी बाज़ार, बीमा, आर्थिक सर्वेक्षण एवं बजट; पारिस्थितिकी एवं पारितंत्र; जैव विविधता एवं संरक्षण; जलवायु परिवर्तन, प्रदूषण एवं पर्यावरण कानून | F11: तर्कशक्ति I: श्रेणी, कोडिंग-डिकोडिंग एवं सादृश्य; तर्कशक्ति II: दिशा, रक्त संबंध, न्यायवाक्य एवं पहेलियाँ; हिंदी व्याकरण I: वर्ण, संधि, समास, उपसर्ग-प्रत्यय; हिंदी व्याकरण II: वाक्य शुद्धि, मुहावरे, पर्यायवाची; हिंदी लेखन: गद्यांश, पत्र, निबंध एवं अनुवाद | G11: सप्ताह 22–26। सूचीबद्ध हर विषय नोट्स + 50 MCQ के साथ पूरा करें; त्रुटि-लॉग रखें; मासिक टेस्ट ≥ 55%। | H11: मासिक टेस्ट: 150 प्रश्न, प्रारंभिक परीक्षा पैटर्न (माह का अंतिम रविवार) + विश्लेषण | I11: =COUNTIF('दैनिक योजना'!$E$6:$E$552,A11) -> 30 | J11: =COUNTIFS('दैनिक योजना'!$E$6:$E$552,A11,'दैनिक योजना'!$W$6:$W$552,"पूर्ण")+COUNTIFS('दैनिक योजना'!$E$6:$E$552,A11,'दैनिक योजना'!$W$6:$W$552,"दोहराया") -> 0 | K11: =IFERROR(J11/I11,0) -> 0
A12: 7 | B12: =EDATE(सारांश!$B$4,A12-1) -> 46522 | C12: =EDATE(सारांश!$B$4,A12)-1 -> 46552 | D12: चरण 1: आधार निर्माण (प्रथम अध्ययन) चरण 2: उन्नत अध्ययन + मुख्य परीक्षा कौशल (द्वितीय अध्ययन) | E12: जलवायु परिवर्तन, प्रदूषण एवं पर्यावरण कानून; प्रागैतिहास एवं सिंधु घाटी सभ्यता; वैदिक काल एवं महाजनपद; जैन, बौद्ध एवं अन्य नास्तिक संप्रदाय; मौर्य साम्राज्य; मौर्योत्तर काल (शुंग, कुषाण, सातवाहन, संगम); गुप्त साम्राज्य, हर्षवर्धन एवं पाल वंश; पूर्व मध्यकालीन भारत (राजपूत, चोल, चालुक्य, पल्लव); दिल्ली सल्तनत; भक्ति एवं सूफी आंदोलन; मुगल साम्राज्य | F12: हिंदी लेखन: गद्यांश, पत्र, निबंध एवं अनुवाद; बिहार – प्राचीन इतिहास; बिहार – मध्यकालीन एवं औपनिवेशिक इतिहास; बिहार – स्वतंत्रता संग्राम एवं आधुनिक राजनीति; बिहार – भूगोल: भौतिक स्वरूप, नदियाँ एवं जलवायु; बिहार – कृषि, सिंचाई एवं उद्योग; बिहार – अर्थव्यवस्था, बजट एवं सरकारी योजनाएँ | G12: सप्ताह 26–31। सूचीबद्ध हर विषय नोट्स + 50 MCQ के साथ पूरा करें; त्रुटि-लॉग रखें; मासिक टेस्ट ≥ 65%। | H12: मासिक टेस्ट: 150 प्रश्न, प्रारंभिक परीक्षा पैटर्न (माह का अंतिम रविवार) + विश्लेषण | I12: =COUNTIF('दैनिक योजना'!$E$6:$E$552,A12) -> 31 | J12: =COUNTIFS('दैनिक योजना'!$E$6:$E$552,A12,'दैनिक योजना'!$W$6:$W$552,"पूर्ण")+COUNTIFS('दैनिक योजना'!$E$6:$E$552,A12,'दैनिक योजना'!$W$6:$W$552,"दोहराया") -> 0 | K12: =IFERROR(J12/I12,0) -> 0
A13: 8 | B13: =EDATE(सारांश!$B$4,A13-1) -> 46553 | C13: =EDATE(सारांश!$B$4,A13)-1 -> 46582 | D13: चरण 2: उन्नत अध्ययन + मुख्य परीक्षा कौशल (द्वितीय अध्ययन) | E13: मुगल साम्राज्य; मराठा एवं क्षेत्रीय शक्तियाँ (18वीं शताब्दी); यूरोपीय आगमन एवं ब्रिटिश विस्तार; 1857 का विद्रोह; सामाजिक-धार्मिक सुधार आंदोलन; प्रारंभिक राष्ट्रवाद: कांग्रेस, नरमपंथी, गरमपंथी, स्वदेशी; गांधी युग: चंपारण से भारत छोड़ो तक; क्रांतिकारी आंदोलन, संवैधानिक विकास एवं विभाजन; स्वातंत्र्योत्तर भारत (1947 के बाद); भारतीय कला एवं स्थापत्य; प्रदर्शन कलाएँ, साहित्य, त्योहार एवं यूनेस्को स्थल | F13: बिहार – अर्थव्यवस्था, बजट एवं सरकारी योजनाएँ; बिहार – राजव्यवस्था एवं प्रशासन; बिहार – कला, संस्कृति, साहित्य एवं पर्यटन; बिहार – जनसांख्यिकी, शिक्षा एवं स्वास्थ्य; गणित I: संख्या पद्धति, म.स.-ल.स. एवं सरलीकरण; गणित II: प्रतिशत, लाभ-हानि, अनुपात एवं औसत; गणित III: समय-कार्य, समय-चाल-दूरी एवं ब्याज | G13: सप्ताह 31–35। सूचीबद्ध हर विषय नोट्स + 50 MCQ के साथ पूरा करें; त्रुटि-लॉग रखें; मासिक टेस्ट ≥ 65%। | H13: मासिक टेस्ट: 150 प्रश्न, प्रारंभिक परीक्षा पैटर्न (माह का अंतिम रविवार) + विश्लेषण | I13: =COUNTIF('दैनिक योजना'!$E$6:$E$552,A13) -> 30 | J13: =COUNTIFS('दैनिक योजना'!$E$6:$E$552,A13,'दैनिक योजना'!$W$6:$W$552,"पूर्ण")+COUNTIFS('दैनिक योजना'!$E$6:$E$552,A13,'दैनिक योजना'!$W$6:$W$552,"दोहराया") -> 0 | K13: =IFERROR(J13/I13,0) -> 0
A14: 9 | B14: =EDATE(सारांश!$B$4,A14-1) -> 46583 | C14: =EDATE(सारांश!$B$4,A14)-1 -> 46613 | D14: चरण 2: उन्नत अध्ययन + मुख्य परीक्षा कौशल (द्वितीय अध्ययन) | E14: ब्रह्मांड, सौरमंडल एवं पृथ्वी; भू-आकृति विज्ञान: पृथ्वी का आंतरिक भाग, चट्टानें एवं स्थलरूप; जलवायु विज्ञान: वायुमंडल, पवनें एवं जलवायु; समुद्र विज्ञान; भारत का भौतिक स्वरूप; भारतीय अपवाह तंत्र; भारत की जलवायु, मानसून, मृदा एवं वनस्पति; भारतीय कृषि; खनिज, ऊर्जा एवं उद्योग | F14: गणित III: समय-कार्य, समय-चाल-दूरी एवं ब्याज; गणित IV: बीजगणित, ज्यामिति, क्षेत्रमिति एवं त्रिकोणमिति; गणित V: आँकड़ा व्याख्या एवं सांख्यिकी; तर्कशक्ति I: श्रेणी, कोडिंग-डिकोडिंग एवं सादृश्य; तर्कशक्ति II: दिशा, रक्त संबंध, न्यायवाक्य एवं पहेलियाँ; उत्तर लेखन की मूल बातें: संरचना, भूमिका-मुख्य भाग-निष्कर्ष | G14: सप्ताह 35–39। सूचीबद्ध हर विषय नोट्स + 50 MCQ के साथ पूरा करें; त्रुटि-लॉग रखें; मासिक टेस्ट ≥ 65%। | H14: मासिक टेस्ट: 150 प्रश्न, प्रारंभिक परीक्षा पैटर्न (माह का अंतिम रविवार) + विश्लेषण | I14: =COUNTIF('दैनिक योजना'!$E$6:$E$552,A14) -> 31 | J14: =COUNTIFS('दैनिक योजना'!$E$6:$E$552,A14,'दैनिक योजना'!$W$6:$W$552,"पूर्ण")+COUNTIFS('दैनिक योजना'!$E$6:$E$552,A14,'दैनिक योजना'!$W$6:$W$552,"दोहराया") -> 0 | K14: =IFERROR(J14/I14,0) -> 0
A15: 10 | B15: =EDATE(सारांश!$B$4,A15-1) -> 46614 | C15: =EDATE(सारांश!$B$4,A15)-1 -> 46644 | D15: चरण 2: उन्नत अध्ययन + मुख्य परीक्षा कौशल (द्वितीय अध्ययन) | E15: खनिज, ऊर्जा एवं उद्योग; परिवहन, जनसंख्या, जनगणना एवं नगरीकरण; विश्व भूगोल; संविधान निर्माण, प्रस्तावना एवं विशेषताएँ; संघ, नागरिकता एवं मौलिक अधिकार; नीति निदेशक तत्व, मौलिक कर्तव्य एवं संविधान संशोधन; संघ की कार्यपालिका; संसद; न्यायपालिका | F15: उत्तर लेखन की मूल बातें: संरचना, भूमिका-मुख्य भाग-निष्कर्ष; उत्तर लेखन – इतिहास एवं संस्कृति; उत्तर लेखन – भूगोल एवं आपदा प्रबंधन; उत्तर लेखन – राजव्यवस्था, शासन एवं सामाजिक न्याय; उत्तर लेखन – अर्थव्यवस्था एवं बिहार की अर्थव्यवस्था | G15: सप्ताह 39–44। सूचीबद्ध हर विषय नोट्स + 50 MCQ के साथ पूरा करें; त्रुटि-लॉग रखें; मासिक टेस्ट ≥ 65%। | H15: मासिक टेस्ट: 150 प्रश्न, प्रारंभिक परीक्षा पैटर्न (माह का अंतिम रविवार) + विश्लेषण | I15: =COUNTIF('दैनिक योजना'!$E$6:$E$552,A15) -> 31 | J15: =COUNTIFS('दैनिक योजना'!$E$6:$E$552,A15,'दैनिक योजना'!$W$6:$W$552,"पूर्ण")+COUNTIFS('दैनिक योजना'!$E$6:$E$552,A15,'दैनिक योजना'!$W$6:$W$552,"दोहराया") -> 0 | K15: =IFERROR(J15/I15,0) -> 0
A16: 11 | B16: =EDATE(सारांश!$B$4,A16-1) -> 46645 | C16: =EDATE(सारांश!$B$4,A16)-1 -> 46674 | D16: चरण 2: उन्नत अध्ययन + मुख्य परीक्षा कौशल (द्वितीय अध्ययन) | E16: न्यायपालिका; संघवाद: केंद्र–राज्य संबंध एवं आपातकाल; राज्य सरकार, पंचायती राज एवं नगरपालिकाएँ; संवैधानिक एवं गैर-संवैधानिक निकाय; शासन, अधिकार एवं सामाजिक न्याय; मूल अवधारणाएँ, राष्ट्रीय आय एवं मुद्रास्फीति; नियोजन, गरीबी एवं बेरोज़गारी; मुद्रा, बैंकिंग एवं मौद्रिक नीति | F16: उत्तर लेखन – अर्थव्यवस्था एवं बिहार की अर्थव्यवस्था; उत्तर लेखन – विज्ञान, प्रौद्योगिकी एवं पर्यावरण; बिहार के समसामयिक मुद्दे: बाढ़, प्रवासन, शिक्षा, स्वास्थ्य, औद्योगीकरण; सामाजिक मुद्दे एवं समसामयिक विषय | G16: सप्ताह 44–48। सूचीबद्ध हर विषय नोट्स + 50 MCQ के साथ पूरा करें; त्रुटि-लॉग रखें; मासिक टेस्ट ≥ 65%। | H16: मासिक टेस्ट: 150 प्रश्न, प्रारंभिक परीक्षा पैटर्न (माह का अंतिम रविवार) + विश्लेषण | I16: =COUNTIF('दैनिक योजना'!$E$6:$E$552,A16) -> 30 | J16: =COUNTIFS('दैनिक योजना'!$E$6:$E$552,A16,'दैनिक योजना'!$W$6:$W$552,"पूर्ण")+COUNTIFS('दैनिक योजना'!$E$6:$E$552,A16,'दैनिक योजना'!$W$6:$W$552,"दोहराया") -> 0 | K16: =IFERROR(J16/I16,0) -> 0
A17: 12 | B17: =EDATE(सारांश!$B$4,A17-1) -> 46675 | C17: =EDATE(सारांश!$B$4,A17)-1 -> 46705 | D17: चरण 2: उन्नत अध्ययन + मुख्य परीक्षा कौशल (द्वितीय अध्ययन) | E17: मुद्रा, बैंकिंग एवं मौद्रिक नीति; सार्वजनिक वित्त: बजट, कराधान एवं GST; कृषि अर्थव्यवस्था; उद्योग, सेवाएँ एवं अवसंरचना; बाह्य क्षेत्र एवं अंतर्राष्ट्रीय संस्थाएँ; पूँजी बाज़ार, बीमा, आर्थिक सर्वेक्षण एवं बजट; पारिस्थितिकी एवं पारितंत्र; जैव विविधता एवं संरक्षण; जलवायु परिवर्तन, प्रदूषण एवं पर्यावरण कानून | F17: सामाजिक मुद्दे एवं समसामयिक विषय; अंतर्राष्ट्रीय संबंध एवं आंतरिक सुरक्षा; निबंध लेखन अभ्यास (हिंदी/अंग्रेज़ी); हिंदी मुख्य परीक्षा: संक्षेपण, पत्र, अनुवाद एवं व्याकरण; केस स्टडी, नैतिकता एवं ईमानदारी की मूल बातें | G17: सप्ताह 48–52। सूचीबद्ध हर विषय नोट्स + 50 MCQ के साथ पूरा करें; त्रुटि-लॉग रखें; मासिक टेस्ट ≥ 65%। | H17: मासिक टेस्ट: 150 प्रश्न, प्रारंभिक परीक्षा पैटर्न (माह का अंतिम रविवार) + विश्लेषण | I17: =COUNTIF('दैनिक योजना'!$E$6:$E$552,A17) -> 31 | J17: =COUNTIFS('दैनिक योजना'!$E$6:$E$552,A17,'दैनिक योजना'!$W$6:$W$552,"पूर्ण")+COUNTIFS('दैनिक योजना'!$E$6:$E$552,A17,'दैनिक योजना'!$W$6:$W$552,"दोहराया") -> 0 | K17: =IFERROR(J17/I17,0) -> 0
... A23: 18 | B23: =EDATE(सारांश!$B$4,A23-1) -> 46858 | C23: =EDATE(सारांश!$B$4,A23)-1 -> 46887 | D23: चरण 3B: टेस्ट सीरीज़ एवं कमज़ोर क्षेत्र सुधार चरण 3C: अंतिम मॉक एवं पुनरावृत्ति | E23: टेस्ट सीरीज़; अंतिम पुनरावृत्ति | F23: कमज़ोर क्षेत्र सुधार; अंतिम पुनरावृत्ति | G23: सप्ताह 74–78। सूचीबद्ध हर विषय नोट्स + 50 MCQ के साथ पूरा करें; त्रुटि-लॉग रखें; मासिक टेस्ट ≥ 85%। | H23: मासिक टेस्ट: 150 प्रश्न, प्रारंभिक परीक्षा पैटर्न (माह का अंतिम रविवार) + विश्लेषण | I23: =COUNTIF('दैनिक योजना'!$E$6:$E$552,A23) -> 30 | J23: =COUNTIFS('दैनिक योजना'!$E$6:$E$552,A23,'दैनिक योजना'!$W$6:$W$552,"पूर्ण")+COUNTIFS('दैनिक योजना'!$E$6:$E$552,A23,'दैनिक योजना'!$W$6:$W$552,"दोहराया") -> 0 | K23: =IFERROR(J23/I23,0) -> 0

Sheet साप्ताहिक योजना
A1: साप्ताहिक योजना – 78 सप्ताह (+ शुभारंभ दिवस)
A2: तिथियाँ 'सारांश' शीट की आरंभ तिथि से अपने-आप बनती हैं। अपना साप्ताहिक टेस्ट स्कोर कॉलम L में दर्ज करें।
A5: सप्ताह # | B5: आरंभ (सोम) | C5: समाप्त (रवि) | D5: माह # | E5: चरण | F5: प्राथमिक विषय (सोम–शनि) | G5: द्वितीयक विषय (सोम–शनि) | H5: रविवार टेस्ट | I5: साप्ताहिक लक्ष्य | J5: पूर्ण दिन | K5: पूर्णता % | L5: टेस्ट स्कोर % | M5: टिप्पणी
A6: 0 | B6: =सारांश!$B$4 -> 46341 | C6: =B6 -> 46341 | D6: =(YEAR(B6)-YEAR(सारांश!$B$4))*12+MONTH(B6)-MONTH(सारांश!$B$4)+IF(DAY(B6)>=DAY(सारांश!$B$4),1,0) -> 1 | E6: शुभारंभ दिवस | F6: शुभारंभ: पाठ्यक्रम, PYQ, डायग्नोस्टिक टेस्ट, नोट्स की व्यवस्था | G6: योजना व ट्रैकर की स्थापना | H6: — (डायग्नोस्टिक टेस्ट उसी दिन) | I6: पैटर्न समझें; कमज़ोर विषय पहचानें | J6: =COUNTIFS('दैनिक योजना'!$D$6:$D$552,A6,'दैनिक योजना'!$W$6:$W$552,"पूर्ण")+COUNTIFS('दैनिक योजना'!$D$6:$D$552,A6,'दैनिक योजना'!$W$6:$W$552,"दोहराया") -> 0 | K6: =IFERROR(J6/COUNTIF('दैनिक योजना'!$D$6:$D$552,A6),0) -> 0
A7: 1 | B7: =सारांश!$B$4+1+7*(A7-1) -> 46342 | C7: =B7+6 -> 46348 | D7: =(YEAR(B7)-YEAR(सारांश!$B$4))*12+MONTH(B7)-MONTH(सारांश!$B$4)+IF(DAY(B7)>=DAY(सारांश!$B$4),1,0) -> 1 | E7: चरण 1: आधार निर्माण (प्रथम अध्ययन) | F7: प्रागैतिहास एवं सिंधु घाटी सभ्यता; वैदिक काल एवं महाजनपद | G7: बिहार – प्राचीन इतिहास; बिहार – मध्यकालीन एवं औपनिवेशिक इतिहास | H7: साप्ताहिक टेस्ट (100 MCQ, 90 मिनट) + विश्लेषण | I7: सूचीबद्ध सभी विषय पूरे करें; ~300 MCQ; साप्ताहिक टेस्ट ≥ 55% | J7: =COUNTIFS('दैनिक योजना'!$D$6:$D$552,A7,'दैनिक योजना'!$W$6:$W$552,"पूर्ण")+COUNTIFS('दैनिक योजना'!$D$6:$D$552,A7,'दैनिक योजना'!$W$6:$W$552,"दोहराया") -> 0 | K7: =IFERROR(J7/COUNTIF('दैनिक योजना'!$D$6:$D$552,A7),0) -> 0
A8: 2 | B8: =सारांश!$B$4+1+7*(A8-1) -> 46349 | C8: =B8+6 -> 46355 | D8: =(YEAR(B8)-YEAR(सारांश!$B$4))*12+MONTH(B8)-MONTH(सारांश!$B$4)+IF(DAY(B8)>=DAY(सारांश!$B$4),1,0) -> 1 | E8: चरण 1: आधार निर्माण (प्रथम अध्ययन) | F8: जैन, बौद्ध एवं अन्य नास्तिक संप्रदाय; मौर्य साम्राज्य; मौर्योत्तर काल (शुंग, कुषाण, सातवाहन, संगम) | G8: बिहार – मध्यकालीन एवं औपनिवेशिक इतिहास; बिहार – स्वतंत्रता संग्राम एवं आधुनिक राजनीति | H8: साप्ताहिक टेस्ट (100 MCQ, 90 मिनट) + विश्लेषण | I8: सूचीबद्ध सभी विषय पूरे करें; ~300 MCQ; साप्ताहिक टेस्ट ≥ 55% | J8: =COUNTIFS('दैनिक योजना'!$D$6:$D$552,A8,'दैनिक योजना'!$W$6:$W$552,"पूर्ण")+COUNTIFS('दैनिक योजना'!$D$6:$D$552,A8,'दैनिक योजना'!$W$6:$W$552,"दोहराया") -> 0 | K8: =IFERROR(J8/COUNTIF('दैनिक योजना'!$D$6:$D$552,A8),0) -> 0
A9: 3 | B9: =सारांश!$B$4+1+7*(A9-1) -> 46356 | C9: =B9+6 -> 46362 | D9: =(YEAR(B9)-YEAR(सारांश!$B$4))*12+MONTH(B9)-MONTH(सारांश!$B$4)+IF(DAY(B9)>=DAY(सारांश!$B$4),1,0) -> 1 | E9: चरण 1: आधार निर्माण (प्रथम अध्ययन) | F9: गुप्त साम्राज्य, हर्षवर्धन एवं पाल वंश; पूर्व मध्यकालीन भारत (राजपूत, चोल, चालुक्य, पल्लव); दिल्ली सल्तनत | G9: बिहार – स्वतंत्रता संग्राम एवं आधुनिक राजनीति; बिहार – भूगोल: भौतिक स्वरूप, नदियाँ एवं जलवायु | H9: साप्ताहिक टेस्ट (100 MCQ, 90 मिनट) + विश्लेषण | I9: सूचीबद्ध सभी विषय पूरे करें; ~300 MCQ; साप्ताहिक टेस्ट ≥ 55% | J9: =COUNTIFS('दैनिक योजना'!$D$6:$D$552,A9,'दैनिक योजना'!$W$6:$W$552,"पूर्ण")+COUNTIFS('दैनिक योजना'!$D$6:$D$552,A9,'दैनिक योजना'!$W$6:$W$552,"दोहराया") -> 0 | K9: =IFERROR(J9/COUNTIF('दैनिक योजना'!$D$6:$D$552,A9),0) -> 0
A10: 4 | B10: =सारांश!$B$4+1+7*(A10-1) -> 46363 | C10: =B10+6 -> 46369 | D10: =(YEAR(B10)-YEAR(सारांश!$B$4))*12+MONTH(B10)-MONTH(सारांश!$B$4)+IF(DAY(B10)>=DAY(सारांश!$B$4),1,0) -> 1 | E10: चरण 1: आधार निर्माण (प्रथम अध्ययन) | F10: दिल्ली सल्तनत; भक्ति एवं सूफी आंदोलन; मुगल साम्राज्य | G10: बिहार – भूगोल: भौतिक स्वरूप, नदियाँ एवं जलवायु; बिहार – कृषि, सिंचाई एवं उद्योग | H10: मासिक टेस्ट (150 प्रश्न, 2 घंटे, प्रारंभिक परीक्षा पैटर्न) + विश्लेषण + आधे दिन का विश्राम | I10: सूचीबद्ध सभी विषय पूरे करें; ~300 MCQ; साप्ताहिक टेस्ट ≥ 55% | J10: =COUNTIFS('दैनिक योजना'!$D$6:$D$552,A10,'दैनिक योजना'!$W$6:$W$552,"पूर्ण")+COUNTIFS('दैनिक योजना'!$D$6:$D$552,A10,'दैनिक योजना'!$W$6:$W$552,"दोहराया") -> 0 | K10: =IFERROR(J10/COUNTIF('दैनिक योजना'!$D$6:$D$552,A10),0) -> 0
A11: 5 | B11: =सारांश!$B$4+1+7*(A11-1) -> 46370 | C11: =B11+6 -> 46376 | D11: =(YEAR(B11)-YEAR(सारांश!$B$4))*12+MONTH(B11)-MONTH(सारांश!$B$4)+IF(DAY(B11)>=DAY(सारांश!$B$4),1,0) -> 1 | E11: चरण 1: आधार निर्माण (प्रथम अध्ययन) | F11: मुगल साम्राज्य; मराठा एवं क्षेत्रीय शक्तियाँ (18वीं शताब्दी); यूरोपीय आगमन एवं ब्रिटिश विस्तार | G11: बिहार – कृषि, सिंचाई एवं उद्योग; बिहार – अर्थव्यवस्था, बजट एवं सरकारी योजनाएँ | H11: साप्ताहिक टेस्ट (100 MCQ, 90 मिनट) + विश्लेषण | I11: सूचीबद्ध सभी विषय पूरे करें; ~300 MCQ; साप्ताहिक टेस्ट ≥ 55% | J11: =COUNTIFS('दैनिक योजना'!$D$6:$D$552,A11,'दैनिक योजना'!$W$6:$W$552,"पूर्ण")+COUNTIFS('दैनिक योजना'!$D$6:$D$552,A11,'दैनिक योजना'!$W$6:$W$552,"दोहराया") -> 0 | K11: =IFERROR(J11/COUNTIF('दैनिक योजना'!$D$6:$D$552,A11),0) -> 0
A12: 6 | B12: =सारांश!$B$4+1+7*(A12-1) -> 46377 | C12: =B12+6 -> 46383 | D12: =(YEAR(B12)-YEAR(सारांश!$B$4))*12+MONTH(B12)-MONTH(सारांश!$B$4)+IF(DAY(B12)>=DAY(सारांश!$B$4),1,0) -> 2 | E12: चरण 1: आधार निर्माण (प्रथम अध्ययन) | F12: 1857 का विद्रोह; सामाजिक-धार्मिक सुधार आंदोलन; प्रारंभिक राष्ट्रवाद: कांग्रेस, नरमपंथी, गरमपंथी, स्वदेशी | G12: बिहार – अर्थव्यवस्था, बजट एवं सरकारी योजनाएँ; बिहार – राजव्यवस्था एवं प्रशासन | H12: साप्ताहिक टेस्ट (100 MCQ, 90 मिनट) + विश्लेषण | I12: सूचीबद्ध सभी विषय पूरे करें; ~300 MCQ; साप्ताहिक टेस्ट ≥ 55% | J12: =COUNTIFS('दैनिक योजना'!$D$6:$D$552,A12,'दैनिक योजना'!$W$6:$W$552,"पूर्ण")+COUNTIFS('दैनिक योजना'!$D$6:$D$552,A12,'दैनिक योजना'!$W$6:$W$552,"दोहराया") -> 0 | K12: =IFERROR(J12/COUNTIF('दैनिक योजना'!$D$6:$D$552,A12),0) -> 0
A13: 7 | B13: =सारांश!$B$4+1+7*(A13-1) -> 46384 | C13: =B13+6 -> 46390 | D13: =(YEAR(B13)-YEAR(सारांश!$B$4))*12+MONTH(B13)-MONTH(सारांश!$B$4)+IF(DAY(B13)>=DAY(सारांश!$B$4),1,0) -> 2 | E13: चरण 1: आधार निर्माण (प्रथम अध्ययन) | F13: गांधी युग: चंपारण से भारत छोड़ो तक; क्रांतिकारी आंदोलन, संवैधानिक विकास एवं विभाजन | G13: बिहार – राजव्यवस्था एवं प्रशासन; बिहार – कला, संस्कृति, साहित्य एवं पर्यटन | H13: साप्ताहिक टेस्ट (100 MCQ, 90 मिनट) + विश्लेषण | I13: सूचीबद्ध सभी विषय पूरे करें; ~300 MCQ; साप्ताहिक टेस्ट ≥ 55% | J13: =COUNTIFS('दैनिक योजना'!$D$6:$D$552,A13,'दैनिक योजना'!$W$6:$W$552,"पूर्ण")+COUNTIFS('दैनिक योजना'!$D$6:$D$552,A13,'दैनिक योजना'!$W$6:$W$552,"दोहराया") -> 0 | K13: =IFERROR(J13/COUNTIF('दैनिक योजना'!$D$6:$D$552,A13),0) -> 0
A14: 8 | B14: =सारांश!$B$4+1+7*(A14-1) -> 46391 | C14: =B14+6 -> 46397 | D14: =(YEAR(B14)-YEAR(सारांश!$B$4))*12+MONTH(B14)-MONTH(सारांश!$B$4)+IF(DAY(B14)>=DAY(सारांश!$B$4),1,0) -> 2 | E14: चरण 1: आधार निर्माण (प्रथम अध्ययन) | F14: क्रांतिकारी आंदोलन, संवैधानिक विकास एवं विभाजन; स्वातंत्र्योत्तर भारत (1947 के बाद); भारतीय कला एवं स्थापत्य | G14: बिहार – कला, संस्कृति, साहित्य एवं पर्यटन; बिहार – जनसांख्यिकी, शिक्षा एवं स्वास्थ्य | H14: मासिक टेस्ट (150 प्रश्न, 2 घंटे, प्रारंभिक परीक्षा पैटर्न) + विश्लेषण + आधे दिन का विश्राम | I14: सूचीबद्ध सभी विषय पूरे करें; ~300 MCQ; साप्ताहिक टेस्ट ≥ 55% | J14: =COUNTIFS('दैनिक योजना'!$D$6:$D$552,A14,'दैनिक योजना'!$W$6:$W$552,"पूर्ण")+COUNTIFS('दैनिक योजना'!$D$6:$D$552,A14,'दैनिक योजना'!$W$6:$W$552,"दोहराया") -> 0 | K14: =IFERROR(J14/COUNTIF('दैनिक योजना'!$D$6:$D$552,A14),0) -> 0
A15: 9 | B15: =सारांश!$B$4+1+7*(A15-1) -> 46398 | C15: =B15+6 -> 46404 | D15: =(YEAR(B15)-YEAR(सारांश!$B$4))*12+MONTH(B15)-MONTH(सारांश!$B$4)+IF(DAY(B15)>=DAY(सारांश!$B$4),1,0) -> 2 | E15: चरण 1: आधार निर्माण (प्रथम अध्ययन) | F15: प्रदर्शन कलाएँ, साहित्य, त्योहार एवं यूनेस्को स्थल; ब्रह्मांड, सौरमंडल एवं पृथ्वी | G15: बिहार – जनसांख्यिकी, शिक्षा एवं स्वास्थ्य; भौतिकी I: गति, बल, कार्य एवं गुरुत्वाकर्षण | H15: साप्ताहिक टेस्ट (100 MCQ, 90 मिनट) + विश्लेषण | I15: सूचीबद्ध सभी विषय पूरे करें; ~300 MCQ; साप्ताहिक टेस्ट ≥ 55% | J15: =COUNTIFS('दैनिक योजना'!$D$6:$D$552,A15,'दैनिक योजना'!$W$6:$W$552,"पूर्ण")+COUNTIFS('दैनिक योजना'!$D$6:$D$552,A15,'दैनिक योजना'!$W$6:$W$552,"दोहराया") -> 0 | K15: =IFERROR(J15/COUNTIF('दैनिक योजना'!$D$6:$D$552,A15),0) -> 0
A16: 10 | B16: =सारांश!$B$4+1+7*(A16-1) -> 46405 | C16: =B16+6 -> 46411 | D16: =(YEAR(B16)-YEAR(सारांश!$B$4))*12+MONTH(B16)-MONTH(सारांश!$B$4)+IF(DAY(B16)>=DAY(सारांश!$B$4),1,0) -> 3 | E16: चरण 1: आधार निर्माण (प्रथम अध्ययन) | F16: ब्रह्मांड, सौरमंडल एवं पृथ्वी; भू-आकृति विज्ञान: पृथ्वी का आंतरिक भाग, चट्टानें एवं स्थलरूप; जलवायु विज्ञान: वायुमंडल, पवनें एवं जलवायु | G16: भौतिकी I: गति, बल, कार्य एवं गुरुत्वाकर्षण; भौतिकी II: ऊष्मा, प्रकाश, ध्वनि, विद्युत एवं आधुनिक भौतिकी | H16: साप्ताहिक टेस्ट (100 MCQ, 90 मिनट) + विश्लेषण | I16: सूचीबद्ध सभी विषय पूरे करें; ~300 MCQ; साप्ताहिक टेस्ट ≥ 55% | J16: =COUNTIFS('दैनिक योजना'!$D$6:$D$552,A16,'दैनिक योजना'!$W$6:$W$552,"पूर्ण")+COUNTIFS('दैनिक योजना'!$D$6:$D$552,A16,'दैनिक योजना'!$W$6:$W$552,"दोहराया") -> 0 | K16: =IFERROR(J16/COUNTIF('दैनिक योजना'!$D$6:$D$552,A16),0) -> 0
A17: 11 | B17: =सारांश!$B$4+1+7*(A17-1) -> 46412 | C17: =B17+6 -> 46418 | D17: =(YEAR(B17)-YEAR(सारांश!$B$4))*12+MONTH(B17)-MONTH(सारांश!$B$4)+IF(DAY(B17)>=DAY(सारांश!$B$4),1,0) -> 3 | E17: चरण 1: आधार निर्माण (प्रथम अध्ययन) | F17: जलवायु विज्ञान: वायुमंडल, पवनें एवं जलवायु; समुद्र विज्ञान; भारत का भौतिक स्वरूप | G17: भौतिकी II: ऊष्मा, प्रकाश, ध्वनि, विद्युत एवं आधुनिक भौतिकी; रसायन I: पदार्थ, परमाणु, आवर्त सारणी एवं अम्ल-क्षार | H17: साप्ताहिक टेस्ट (100 MCQ, 90 मिनट) + विश्लेषण | I17: सूचीबद्ध सभी विषय पूरे करें; ~300 MCQ; साप्ताहिक टेस्ट ≥ 55% | J17: =COUNTIFS('दैनिक योजना'!$D$6:$D$552,A17,'दैनिक योजना'!$W$6:$W$552,"पूर्ण")+COUNTIFS('दैनिक योजना'!$D$6:$D$552,A17,'दैनिक योजना'!$W$6:$W$552,"दोहराया") -> 0 | K17: =IFERROR(J17/COUNTIF('दैनिक योजना'!$D$6:$D$552,A17),0) -> 0
A18: 12 | B18: =सारांश!$B$4+1+7*(A18-1) -> 46419 | C18: =B18+6 -> 46425 | D18: =(YEAR(B18)-YEAR(सारांश!$B$4))*12+MONTH(B18)-MONTH(सारांश!$B$4)+IF(DAY(B18)>=DAY(सारांश!$B$4),1,0) -> 3 | E18: चरण 1: आधार निर्माण (प्रथम अध्ययन) | F18: भारत का भौतिक स्वरूप; भारतीय अपवाह तंत्र; भारत की जलवायु, मानसून, मृदा एवं वनस्पति | G18: रसायन I: पदार्थ, परमाणु, आवर्त सारणी एवं अम्ल-क्षार; रसायन II: धातु, कार्बन यौगिक एवं दैनिक जीवन में रसायन | H18: मासिक टेस्ट (150 प्रश्न, 2 घंटे, प्रारंभिक परीक्षा पैटर्न) + विश्लेषण + आधे दिन का विश्राम | I18: सूचीबद्ध सभी विषय पूरे करें; ~300 MCQ; साप्ताहिक टेस्ट ≥ 55% | J18: =COUNTIFS('दैनिक योजना'!$D$6:$D$552,A18,'दैनिक योजना'!$W$6:$W$552,"पूर्ण")+COUNTIFS('दैनिक योजना'!$D$6:$D$552,A18,'दैनिक योजना'!$W$6:$W$552,"दोहराया") -> 0 | K18: =IFERROR(J18/COUNTIF('दैनिक योजना'!$D$6:$D$552,A18),0) -> 0
... A84: 78 | B84: =सारांश!$B$4+1+7*(A84-1) -> 46881 | C84: =B84+6 -> 46887 | D84: =(YEAR(B84)-YEAR(सारांश!$B$4))*12+MONTH(B84)-MONTH(सारांश!$B$4)+IF(DAY(B84)>=DAY(सारांश!$B$4),1,0) -> 18 | E84: चरण 3C: अंतिम मॉक एवं पुनरावृत्ति | F84: अंतिम पुनरावृत्ति | G84: अंतिम पुनरावृत्ति | H84: अंतिम विश्राम दिवस: संक्षिप्त नोट्स पर नज़र, परीक्षा-दिवस की तैयारी, जल्दी सोएँ | I84: सूचीबद्ध सभी विषय पूरे करें; ~300 MCQ; साप्ताहिक टेस्ट ≥ 85% | J84: =COUNTIFS('दैनिक योजना'!$D$6:$D$552,A84,'दैनिक योजना'!$W$6:$W$552,"पूर्ण")+COUNTIFS('दैनिक योजना'!$D$6:$D$552,A84,'दैनिक योजना'!$W$6:$W$552,"दोहराया") -> 0 | K84: =IFERROR(J84/COUNTIF('दैनिक योजना'!$D$6:$D$552,A84),0) -> 0

Sheet दैनिक योजना
A1: दैनिक योजना – BPSC 1.5 वर्षीय अध्ययन कार्यक्रम
A2: सोम–शनि: 7.5 घंटे (प्राथमिक 3 • द्वितीयक 2 • करेंट अफेयर्स 1 • अभ्यास 1 • पुनरावृत्ति 0.5)। रविवार: टेस्ट + पुनरावृत्ति। प्रगति के लिए 'स्थिति' (कॉलम W) बदलें।
A5: दिन # | B5: दिनांक | C5: वार | D5: सप्ताह # | E5: माह # | F5: चरण | G5: प्राथमिक विषय-क्षेत्र | H5: प्राथमिक विषय (3 घंटे) | I5: पढ़ने योग्य मुख्य सैद्धांतिक बिंदु (अध्ययन रूपरेखा) | J5: सैद्धांतिक अध्ययन एवं PDF नोट्स | K5: सैद्धांतिक अध्ययन – वेबसाइट लिंक | L5: द्वितीयक विषय-क्षेत्र | M5: द्वितीयक विषय (2 घंटे) | N5: करेंट अफेयर्स (1 घंटा) | O5: अभ्यास (1 घंटा) | P5: पुनरावृत्ति (0.5 घंटा) | Q5: अध्ययन घंटे | R5: नोट्स / पुस्तकें – प्राथमिक | S5: नोट्स / पुस्तकें – द्वितीयक | T5: YouTube – प्राथमिक (दृष्टि IAS) | U5: YouTube – प्राथमिक (BPSC वाला) | V5: YouTube – द्वितीयक (BPSC वाला) | W5: स्थिति | X5: टिप्पणी | Y5: सैद्धांतिक अध्ययन – थ्योरी वेबसाइट लिंक (आज का प्राथमिक विषय)
A6: 1 | B6: =सारांश!$B$4+A6-1 -> 46341 | C6: =CHOOSE(WEEKDAY(B6,2),"सोमवार","मंगलवार","बुधवार","गुरुवार","शुक्रवार","शनिवार","रविवार") -> रविवार | D6: =IF(A6=1,0,INT((A6-2)/7)+1) -> 0 | E6: =(YEAR(B6)-YEAR(सारांश!$B$4))*12+MONTH(B6)-MONTH(सारांश!$B$4)+IF(DAY(B6)>=DAY(सारांश!$B$4),1,0) -> 1 | F6: शुभारंभ दिवस | G6: प्रारंभिक दिशा-निर्देश | H6: शुभारंभ: पाठ्यक्रम, PYQ विश्लेषण एवं डायग्नोस्टिक टेस्ट | I6: BPSC पाठ्यक्रम व पिछले 5 वर्षों के PYQ डाउनलोड करें; NCERT/पुस्तकें जुटाएँ; नोट्स प्रणाली (डिजिटल/कागज़) बनाएँ; 100 प्रश्नों का डायग्नोस्टिक टेस्ट दें; कमज़ोर विषय चिह्नित करें | J6: केवल अपने संक्षिप्त नोट्स के PDF और त्रुटि-लॉग पढ़ें। आज के मॉक का विश्लेषण PDF पृष्ठ के रूप में सहेजें (गलत प्रश्न + सही अवधारणा)। | K6: वेबसाइट पर पढ़ें: bpsc.bihar.gov.in • drishtiias.com • visionias.in (क्लिक करें) | L6: योजना | M6: ट्रैकर, दैनिक समय-सारणी व नींद-पढ़ाई की दिनचर्या तय करें | N6: दैनिक समाचार पत्र + दृष्टि IAS करेंट अफेयर्स शुरू करें | O6: डायग्नोस्टिक टेस्ट (100 MCQ, 90 मिनट) + विश्लेषण | P6: — | Q6: 6 | R6: NCERT • मानक पुस्तकें | S6: स्वयं के संक्षिप्त नोट्स • त्रुटि-लॉग • साप्ताहिक करेंट अफेयर्स (दृष्टि / विजन IAS) | T6: ▶ दृष्टि IAS | U6: ▶ BPSC वाला | V6: ▶ BPSC वाला | W6: शुरू नहीं हुआ
A7: 2 | B7: =सारांश!$B$4+A7-1 -> 46342 | C7: =CHOOSE(WEEKDAY(B7,2),"सोमवार","मंगलवार","बुधवार","गुरुवार","शुक्रवार","शनिवार","रविवार") -> सोमवार | D7: =IF(A7=1,0,INT((A7-2)/7)+1) -> 1 | E7: =(YEAR(B7)-YEAR(सारांश!$B$4))*12+MONTH(B7)-MONTH(सारांश!$B$4)+IF(DAY(B7)>=DAY(सारांश!$B$4),1,0) -> 1 | F7: चरण 1: आधार निर्माण (प्रथम अध्ययन) | G7: इतिहास | H7: प्रागैतिहास एवं सिंधु घाटी सभ्यता (भाग 1/3) | I7: पाषाण–ताम्र युग; सिंधु सभ्यता के स्थल (हड़प्पा, मोहनजोदड़ो, लोथल, धौलावीरा, कालीबंगा); नगर नियोजन, व्यापार, धर्म, लिपि; पतन के कारण | J7: पढ़ें: प्रागैतिहास एवं सिंधु घाटी सभ्यता – NCERT इतिहास (कक्षा 6-12) • स्पेक्ट्रम आधुनिक भारत • दृष्टि IAS इतिहास नोट्स (हिंदी)। फिर स्वयं के 1-2 पृष्ठ के नोट्स + 10 फ्लैश-कार्ड बनाएँ और PDF के रूप में सहेजें ('प्रागैतिहास एवं सिंधु घाटी.pdf')। तैयार PDF नोट्स खोजने हेतु क्लिक करें। | K7: वेबसाइट पर पढ़ें: drishtiias.com • visionias.in • ncert.nic.in (क्लिक करें) | L7: बिहार विशेष | M7: बिहार – प्राचीन इतिहास (भाग 1/5) | N7: बिहार समाचार (प्रभात खबर / दैनिक जागरण) + दृष्टि IAS दैनिक करेंट अफेयर्स | O7: आज के विषय पर 50 MCQ (+ उससे संबंधित BPSC PYQ) | P7: कल के नोट्स दोहराएँ (30 मिनट) | Q7: 7.5 | R7: NCERT इतिहास (कक्षा 6-12) • स्पेक्ट्रम आधुनिक भारत • दृष्टि IAS इतिहास नोट्स (हिंदी) • विजन IAS PT365/क्लास नोट्स • BPSC वाला क्लास नोट्स | S7: नवीनतम बिहार आर्थिक सर्वेक्षण व बजट • BPSC वाला बिहार विशेष • दृष्टि IAS बिहार विशेष (हिंदी) • राज्य सरकार के पोर्टल • बिहार सामान्य ज्ञान पुस्तक (लूसेंट/प्रभात) | T7: ▶ दृष्टि IAS | U7: ▶ BPSC वाला | V7: ▶ BPSC वाला | W7: शुरू नहीं हुआ | Y7: 📖 पढ़ें: दृष्टि • विजन • NCERT • जागरण जोश • GKToday
A8: 3 | B8: =सारांश!$B$4+A8-1 -> 46343 | C8: =CHOOSE(WEEKDAY(B8,2),"सोमवार","मंगलवार","बुधवार","गुरुवार","शुक्रवार","शनिवार","रविवार") -> मंगलवार | D8: =IF(A8=1,0,INT((A8-2)/7)+1) -> 1 | E8: =(YEAR(B8)-YEAR(सारांश!$B$4))*12+MONTH(B8)-MONTH(सारांश!$B$4)+IF(DAY(B8)>=DAY(सारांश!$B$4),1,0) -> 1 | F8: चरण 1: आधार निर्माण (प्रथम अध्ययन) | G8: इतिहास | H8: प्रागैतिहास एवं सिंधु घाटी सभ्यता (भाग 2/3) | I8: पाषाण–ताम्र युग; सिंधु सभ्यता के स्थल (हड़प्पा, मोहनजोदड़ो, लोथल, धौलावीरा, कालीबंगा); नगर नियोजन, व्यापार, धर्म, लिपि; पतन के कारण | J8: पढ़ें: प्रागैतिहास एवं सिंधु घाटी सभ्यता – NCERT इतिहास (कक्षा 6-12) • स्पेक्ट्रम आधुनिक भारत • दृष्टि IAS इतिहास नोट्स (हिंदी)। फिर स्वयं के 1-2 पृष्ठ के नोट्स + 10 फ्लैश-कार्ड बनाएँ और PDF के रूप में सहेजें ('प्रागैतिहास एवं सिंधु घाटी.pdf')। तैयार PDF नोट्स खोजने हेतु क्लिक करें। | K8: वेबसाइट पर पढ़ें: drishtiias.com • visionias.in • ncert.nic.in (क्लिक करें) | L8: बिहार विशेष | M8: बिहार – प्राचीन इतिहास (भाग 2/5) | N8: राजव्यवस्था, शासन व अर्थव्यवस्था के समाचार (द हिंदू / दृष्टि IAS) | O8: आज के विषय पर 50 MCQ (+ उससे संबंधित BPSC PYQ) | P8: कल के नोट्स दोहराएँ (30 मिनट) | Q8: 7.5 | R8: NCERT इतिहास (कक्षा 6-12) • स्पेक्ट्रम आधुनिक भारत • दृष्टि IAS इतिहास नोट्स (हिंदी) • विजन IAS PT365/क्लास नोट्स • BPSC वाला क्लास नोट्स | S8: नवीनतम बिहार आर्थिक सर्वेक्षण व बजट • BPSC वाला बिहार विशेष • दृष्टि IAS बिहार विशेष (हिंदी) • राज्य सरकार के पोर्टल • बिहार सामान्य ज्ञान पुस्तक (लूसेंट/प्रभात) | T8: ▶ दृष्टि IAS | U8: ▶ BPSC वाला | V8: ▶ BPSC वाला | W8: शुरू नहीं हुआ | Y8: 📖 पढ़ें: दृष्टि • विजन • NCERT • जागरण जोश • GKToday
A9: 4 | B9: =सारांश!$B$4+A9-1 -> 46344 | C9: =CHOOSE(WEEKDAY(B9,2),"सोमवार","मंगलवार","बुधवार","गुरुवार","शुक्रवार","शनिवार","रविवार") -> बुधवार | D9: =IF(A9=1,0,INT((A9-2)/7)+1) -> 1 | E9: =(YEAR(B9)-YEAR(सारांश!$B$4))*12+MONTH(B9)-MONTH(सारांश!$B$4)+IF(DAY(B9)>=DAY(सारांश!$B$4),1,0) -> 1 | F9: चरण 1: आधार निर्माण (प्रथम अध्ययन) | G9: इतिहास | H9: प्रागैतिहास एवं सिंधु घाटी सभ्यता (भाग 3/3) | I9: पाषाण–ताम्र युग; सिंधु सभ्यता के स्थल (हड़प्पा, मोहनजोदड़ो, लोथल, धौलावीरा, कालीबंगा); नगर नियोजन, व्यापार, धर्म, लिपि; पतन के कारण | J9: पढ़ें: प्रागैतिहास एवं सिंधु घाटी सभ्यता – NCERT इतिहास (कक्षा 6-12) • स्पेक्ट्रम आधुनिक भारत • दृष्टि IAS इतिहास नोट्स (हिंदी)। फिर स्वयं के 1-2 पृष्ठ के नोट्स + 10 फ्लैश-कार्ड बनाएँ और PDF के रूप में सहेजें ('प्रागैतिहास एवं सिंधु घाटी.pdf')। तैयार PDF नोट्स खोजने हेतु क्लिक करें। | K9: वेबसाइट पर पढ़ें: drishtiias.com • visionias.in • ncert.nic.in (क्लिक करें) | L9: बिहार विशेष | M9: बिहार – प्राचीन इतिहास (भाग 3/5) | N9: विज्ञान-प्रौद्योगिकी, अंतरिक्ष व रक्षा समाचार | O9: आज के विषय पर 50 MCQ (+ उससे संबंधित BPSC PYQ) | P9: कल के नोट्स दोहराएँ (30 मिनट) | Q9: 7.5 | R9: NCERT इतिहास (कक्षा 6-12) • स्पेक्ट्रम आधुनिक भारत • दृष्टि IAS इतिहास नोट्स (हिंदी) • विजन IAS PT365/क्लास नोट्स • BPSC वाला क्लास नोट्स | S9: नवीनतम बिहार आर्थिक सर्वेक्षण व बजट • BPSC वाला बिहार विशेष • दृष्टि IAS बिहार विशेष (हिंदी) • राज्य सरकार के पोर्टल • बिहार सामान्य ज्ञान पुस्तक (लूसेंट/प्रभात) | T9: ▶ दृष्टि IAS | U9: ▶ BPSC वाला | V9: ▶ BPSC वाला | W9: शुरू नहीं हुआ | Y9: 📖 पढ़ें: दृष्टि • विजन • NCERT • जागरण जोश • GKToday
A10: 5 | B10: =सारांश!$B$4+A10-1 -> 46345 | C10: =CHOOSE(WEEKDAY(B10,2),"सोमवार","मंगलवार","बुधवार","गुरुवार","शुक्रवार","शनिवार","रविवार") -> गुरुवार | D10: =IF(A10=1,0,INT((A10-2)/7)+1) -> 1 | E10: =(YEAR(B10)-YEAR(सारांश!$B$4))*12+MONTH(B10)-MONTH(सारांश!$B$4)+IF(DAY(B10)>=DAY(सारांश!$B$4),1,0) -> 1 | F10: चरण 1: आधार निर्माण (प्रथम अध्ययन) | G10: इतिहास | H10: वैदिक काल एवं महाजनपद (भाग 1/3) | I10: पूर्व एवं उत्तर वैदिक समाज, राजनीति, अर्थव्यवस्था, धर्म; 16 महाजनपद; मगध का उत्कर्ष (बिम्बिसार, अजातशत्रु, नंद); लौह युग; द्वितीय नगरीकरण | J10: पढ़ें: वैदिक काल एवं महाजनपद – NCERT इतिहास (कक्षा 6-12) • स्पेक्ट्रम आधुनिक भारत • दृष्टि IAS इतिहास नोट्स (हिंदी)। फिर स्वयं के 1-2 पृष्ठ के नोट्स + 10 फ्लैश-कार्ड बनाएँ और PDF के रूप में सहेजें ('वैदिक काल एवं महाजनपद.pdf')। तैयार PDF नोट्स खोजने हेतु क्लिक करें। | K10: वेबसाइट पर पढ़ें: drishtiias.com • visionias.in • ncert.nic.in (क्लिक करें) | L10: बिहार विशेष | M10: बिहार – प्राचीन इतिहास (भाग 4/5) | N10: अंतर्राष्ट्रीय संबंध, शिखर सम्मेलन व भारत के पड़ोसी | O10: आज के विषय पर 50 MCQ (+ उससे संबंधित BPSC PYQ) | P10: कल के नोट्स दोहराएँ (30 मिनट) | Q10: 7.5 | R10: NCERT इतिहास (कक्षा 6-12) • स्पेक्ट्रम आधुनिक भारत • दृष्टि IAS इतिहास नोट्स (हिंदी) • विजन IAS PT365/क्लास नोट्स • BPSC वाला क्लास नोट्स | S10: नवीनतम बिहार आर्थिक सर्वेक्षण व बजट • BPSC वाला बिहार विशेष • दृष्टि IAS बिहार विशेष (हिंदी) • राज्य सरकार के पोर्टल • बिहार सामान्य ज्ञान पुस्तक (लूसेंट/प्रभात) | T10: ▶ दृष्टि IAS | U10: ▶ BPSC वाला | V10: ▶ BPSC वाला | W10: शुरू नहीं हुआ | Y10: 📖 पढ़ें: दृष्टि • विजन • NCERT • जागरण जोश • GKToday
A11: 6 | B11: =सारांश!$B$4+A11-1 -> 46346 | C11: =CHOOSE(WEEKDAY(B11,2),"सोमवार","मंगलवार","बुधवार","गुरुवार","शुक्रवार","शनिवार","रविवार") -> शुक्रवार | D11: =IF(A11=1,0,INT((A11-2)/7)+1) -> 1 | E11: =(YEAR(B11)-YEAR(सारांश!$B$4))*12+MONTH(B11)-MONTH(सारांश!$B$4)+IF(DAY(B11)>=DAY(सारांश!$B$4),1,0) -> 1 | F11: चरण 1: आधार निर्माण (प्रथम अध्ययन) | G11: इतिहास | H11: वैदिक काल एवं महाजनपद (भाग 2/3) | I11: पूर्व एवं उत्तर वैदिक समाज, राजनीति, अर्थव्यवस्था, धर्म; 16 महाजनपद; मगध का उत्कर्ष (बिम्बिसार, अजातशत्रु, नंद); लौह युग; द्वितीय नगरीकरण | J11: पढ़ें: वैदिक काल एवं महाजनपद – NCERT इतिहास (कक्षा 6-12) • स्पेक्ट्रम आधुनिक भारत • दृष्टि IAS इतिहास नोट्स (हिंदी)। फिर स्वयं के 1-2 पृष्ठ के नोट्स + 10 फ्लैश-कार्ड बनाएँ और PDF के रूप में सहेजें ('वैदिक काल एवं महाजनपद.pdf')। तैयार PDF नोट्स खोजने हेतु क्लिक करें। | K11: वेबसाइट पर पढ़ें: drishtiias.com • visionias.in • ncert.nic.in (क्लिक करें) | L11: बिहार विशेष | M11: बिहार – प्राचीन इतिहास (भाग 5/5) | N11: पर्यावरण, योजनाएँ, रिपोर्ट व सूचकांक | O11: आज के विषय पर 50 MCQ (+ उससे संबंधित BPSC PYQ) | P11: कल के नोट्स दोहराएँ (30 मिनट) | Q11: 7.5 | R11: NCERT इतिहास (कक्षा 6-12) • स्पेक्ट्रम आधुनिक भारत • दृष्टि IAS इतिहास नोट्स (हिंदी) • विजन IAS PT365/क्लास नोट्स • BPSC वाला क्लास नोट्स | S11: नवीनतम बिहार आर्थिक सर्वेक्षण व बजट • BPSC वाला बिहार विशेष • दृष्टि IAS बिहार विशेष (हिंदी) • राज्य सरकार के पोर्टल • बिहार सामान्य ज्ञान पुस्तक (लूसेंट/प्रभात) | T11: ▶ दृष्टि IAS | U11: ▶ BPSC वाला | V11: ▶ BPSC वाला | W11: शुरू नहीं हुआ | Y11: 📖 पढ़ें: दृष्टि • विजन • NCERT • जागरण जोश • GKToday
A12: 7 | B12: =सारांश!$B$4+A12-1 -> 46347 | C12: =CHOOSE(WEEKDAY(B12,2),"सोमवार","मंगलवार","बुधवार","गुरुवार","शुक्रवार","शनिवार","रविवार") -> शनिवार | D12: =IF(A12=1,0,INT((A12-2)/7)+1) -> 1 | E12: =(YEAR(B12)-YEAR(सारांश!$B$4))*12+MONTH(B12)-MONTH(सारांश!$B$4)+IF(DAY(B12)>=DAY(सारांश!$B$4),1,0) -> 1 | F12: चरण 1: आधार निर्माण (प्रथम अध्ययन) | G12: इतिहास | H12: वैदिक काल एवं महाजनपद (भाग 3/3) | I12: पूर्व एवं उत्तर वैदिक समाज, राजनीति, अर्थव्यवस्था, धर्म; 16 महाजनपद; मगध का उत्कर्ष (बिम्बिसार, अजातशत्रु, नंद); लौह युग; द्वितीय नगरीकरण | J12: पढ़ें: वैदिक काल एवं महाजनपद – NCERT इतिहास (कक्षा 6-12) • स्पेक्ट्रम आधुनिक भारत • दृष्टि IAS इतिहास नोट्स (हिंदी)। फिर स्वयं के 1-2 पृष्ठ के नोट्स + 10 फ्लैश-कार्ड बनाएँ और PDF के रूप में सहेजें ('वैदिक काल एवं महाजनपद.pdf')। तैयार PDF नोट्स खोजने हेतु क्लिक करें। | K12: वेबसाइट पर पढ़ें: drishtiias.com • visionias.in • ncert.nic.in (क्लिक करें) | L12: बिहार विशेष | M12: बिहार – मध्यकालीन एवं औपनिवेशिक इतिहास (भाग 1/5) | N12: साप्ताहिक करेंट अफेयर्स संकलन + 20 MCQ (दृष्टि / विजन IAS साप्ताहिक) | O12: आज के विषय पर 50 MCQ (+ उससे संबंधित BPSC PYQ) | P12: कल के नोट्स दोहराएँ (30 मिनट) | Q12: 7.5 | R12: NCERT इतिहास (कक्षा 6-12) • स्पेक्ट्रम आधुनिक भारत • दृष्टि IAS इतिहास नोट्स (हिंदी) • विजन IAS PT365/क्लास नोट्स • BPSC वाला क्लास नोट्स | S12: नवीनतम बिहार आर्थिक सर्वेक्षण व बजट • BPSC वाला बिहार विशेष • दृष्टि IAS बिहार विशेष (हिंदी) • राज्य सरकार के पोर्टल • बिहार सामान्य ज्ञान पुस्तक (लूसेंट/प्रभात) | T12: ▶ दृष्टि IAS | U12: ▶ BPSC वाला | V12: ▶ BPSC वाला | W12: शुरू नहीं हुआ | Y12: 📖 पढ़ें: दृष्टि • विजन • NCERT • जागरण जोश • GKToday
A13: 8 | B13: =सारांश!$B$4+A13-1 -> 46348 | C13: =CHOOSE(WEEKDAY(B13,2),"सोमवार","मंगलवार","बुधवार","गुरुवार","शुक्रवार","शनिवार","रविवार") -> रविवार | D13: =IF(A13=1,0,INT((A13-2)/7)+1) -> 1 | E13: =(YEAR(B13)-YEAR(सारांश!$B$4))*12+MONTH(B13)-MONTH(सारांश!$B$4)+IF(DAY(B13)>=DAY(सारांश!$B$4),1,0) -> 1 | F13: चरण 1: आधार निर्माण (प्रथम अध्ययन) | G13: टेस्ट एवं पुनरावृत्ति | H13: साप्ताहिक टेस्ट (100 MCQ, 90 मिनट) + विश्लेषण | I13: इस सप्ताह के विषय दोहराएँ: प्रागैतिहास एवं सिंधु घाटी सभ्यता; वैदिक काल एवं महाजनपद। त्रुटि-लॉग अद्यतन करें; 20 कमज़ोर बिंदु सूचीबद्ध करें; संक्षिप्त नोट्स दोबारा पढ़ें। | J13: इस सप्ताह के अपने PDF/हस्तलिखित नोट्स दोबारा पढ़ें। उन्हें 1 पृष्ठ के साप्ताहिक सारांश PDF में जोड़ें (त्रुटि-लॉग + 20 कमज़ोर बिंदु)। | K13: वेबसाइट पर पढ़ें: drishtiias.com • visionias.in • pib.gov.in (क्लिक करें) | L13: पुनरावृत्ति | M13: सप्ताह के द्वितीयक/बिहार विषय दोहराएँ + साप्ताहिक करेंट अफेयर्स संकलन | N13: साप्ताहिक करेंट अफेयर्स संकलन (दृष्टि IAS / विजन IAS साप्ताहिक) + 20 MCQ | O13: लक्ष्य अंक: 55%+ (साप्ताहिक शीट में अपना स्कोर दर्ज करें) | P13: पूरे सप्ताह की पुनरावृत्ति (2 घंटे) | Q13: 6 | R13: BPSC वाला / दृष्टि IAS / विजन IAS टेस्ट सीरीज़ • BPSC के PYQ (bpsc.bihar.gov.in) | S13: स्वयं के संक्षिप्त नोट्स • त्रुटि-लॉग • साप्ताहिक करेंट अफेयर्स (दृष्टि / विजन IAS) | T13: ▶ दृष्टि IAS | U13: ▶ BPSC वाला | V13: ▶ BPSC वाला | W13: शुरू नहीं हुआ
A14: 9 | B14: =सारांश!$B$4+A14-1 -> 46349 | C14: =CHOOSE(WEEKDAY(B14,2),"सोमवार","मंगलवार","बुधवार","गुरुवार","शुक्रवार","शनिवार","रविवार") -> सोमवार | D14: =IF(A14=1,0,INT((A14-2)/7)+1) -> 2 | E14: =(YEAR(B14)-YEAR(सारांश!$B$4))*12+MONTH(B14)-MONTH(सारांश!$B$4)+IF(DAY(B14)>=DAY(सारांश!$B$4),1,0) -> 1 | F14: चरण 1: आधार निर्माण (प्रथम अध्ययन) | G14: इतिहास | H14: जैन, बौद्ध एवं अन्य नास्तिक संप्रदाय (भाग 1/2) | I14: महावीर एवं बुद्ध का जीवन व शिक्षाएँ; चार आर्य सत्य, अष्टांगिक मार्ग; बौद्ध संगीतियाँ (राजगृह, वैशाली, पाटलिपुत्र); संप्रदाय; बिहार से संबंध (बोधगया, राजगीर, वैशाली) | J14: पढ़ें: जैन, बौद्ध एवं अन्य नास्तिक संप्रदाय – NCERT इतिहास (कक्षा 6-12) • स्पेक्ट्रम आधुनिक भारत • दृष्टि IAS इतिहास नोट्स (हिंदी)। फिर स्वयं के 1-2 पृष्ठ के नोट्स + 10 फ्लैश-कार्ड बनाएँ और PDF के रूप में सहेजें ('जैन, बौद्ध एवं अन्य नास्तिक.pdf')। तैयार PDF नोट्स खोजने हेतु क्लिक करें। | K14: वेबसाइट पर पढ़ें: drishtiias.com • visionias.in • ncert.nic.in (क्लिक करें) | L14: बिहार विशेष | M14: बिहार – मध्यकालीन एवं औपनिवेशिक इतिहास (भाग 2/5) | N14: बिहार समाचार (प्रभात खबर / दैनिक जागरण) + दृष्टि IAS दैनिक करेंट अफेयर्स | O14: आज के विषय पर 50 MCQ (+ उससे संबंधित BPSC PYQ) | P14: कल के नोट्स दोहराएँ (30 मिनट) | Q14: 7.5 | R14: NCERT इतिहास (कक्षा 6-12) • स्पेक्ट्रम आधुनिक भारत • दृष्टि IAS इतिहास नोट्स (हिंदी) • विजन IAS PT365/क्लास नोट्स • BPSC वाला क्लास नोट्स | S14: नवीनतम बिहार आर्थिक सर्वेक्षण व बजट • BPSC वाला बिहार विशेष • दृष्टि IAS बिहार विशेष (हिंदी) • राज्य सरकार के पोर्टल • बिहार सामान्य ज्ञान पुस्तक (लूसेंट/प्रभात) | T14: ▶ दृष्टि IAS | U14: ▶ BPSC वाला | V14: ▶ BPSC वाला | W14: शुरू नहीं हुआ | Y14: 📖 पढ़ें: दृष्टि • विजन • NCERT • जागरण जोश • GKToday
A15: 10 | B15: =सारांश!$B$4+A15-1 -> 46350 | C15: =CHOOSE(WEEKDAY(B15,2),"सोमवार","मंगलवार","बुधवार","गुरुवार","शुक्रवार","शनिवार","रविवार") -> मंगलवार | D15: =IF(A15=1,0,INT((A15-2)/7)+1) -> 2 | E15: =(YEAR(B15)-YEAR(सारांश!$B$4))*12+MONTH(B15)-MONTH(सारांश!$B$4)+IF(DAY(B15)>=DAY(सारांश!$B$4),1,0) -> 1 | F15: चरण 1: आधार निर्माण (प्रथम अध्ययन) | G15: इतिहास | H15: जैन, बौद्ध एवं अन्य नास्तिक संप्रदाय (भाग 2/2) | I15: महावीर एवं बुद्ध का जीवन व शिक्षाएँ; चार आर्य सत्य, अष्टांगिक मार्ग; बौद्ध संगीतियाँ (राजगृह, वैशाली, पाटलिपुत्र); संप्रदाय; बिहार से संबंध (बोधगया, राजगीर, वैशाली) | J15: पढ़ें: जैन, बौद्ध एवं अन्य नास्तिक संप्रदाय – NCERT इतिहास (कक्षा 6-12) • स्पेक्ट्रम आधुनिक भारत • दृष्टि IAS इतिहास नोट्स (हिंदी)। फिर स्वयं के 1-2 पृष्ठ के नोट्स + 10 फ्लैश-कार्ड बनाएँ और PDF के रूप में सहेजें ('जैन, बौद्ध एवं अन्य नास्तिक.pdf')। तैयार PDF नोट्स खोजने हेतु क्लिक करें। | K15: वेबसाइट पर पढ़ें: drishtiias.com • visionias.in • ncert.nic.in (क्लिक करें) | L15: बिहार विशेष | M15: बिहार – मध्यकालीन एवं औपनिवेशिक इतिहास (भाग 3/5) | N15: राजव्यवस्था, शासन व अर्थव्यवस्था के समाचार (द हिंदू / दृष्टि IAS) | O15: आज के विषय पर 50 MCQ (+ उससे संबंधित BPSC PYQ) | P15: कल के नोट्स दोहराएँ (30 मिनट) | Q15: 7.5 | R15: NCERT इतिहास (कक्षा 6-12) • स्पेक्ट्रम आधुनिक भारत • दृष्टि IAS इतिहास नोट्स (हिंदी) • विजन IAS PT365/क्लास नोट्स • BPSC वाला क्लास नोट्स | S15: नवीनतम बिहार आर्थिक सर्वेक्षण व बजट • BPSC वाला बिहार विशेष • दृष्टि IAS बिहार विशेष (हिंदी) • राज्य सरकार के पोर्टल • बिहार सामान्य ज्ञान पुस्तक (लूसेंट/प्रभात) | T15: ▶ दृष्टि IAS | U15: ▶ BPSC वाला | V15: ▶ BPSC वाला | W15: शुरू नहीं हुआ | Y15: 📖 पढ़ें: दृष्टि • विजन • NCERT • जागरण जोश • GKToday
A16: 11 | B16: =सारांश!$B$4+A16-1 -> 46351 | C16: =CHOOSE(WEEKDAY(B16,2),"सोमवार","मंगलवार","बुधवार","गुरुवार","शुक्रवार","शनिवार","रविवार") -> बुधवार | D16: =IF(A16=1,0,INT((A16-2)/7)+1) -> 2 | E16: =(YEAR(B16)-YEAR(सारांश!$B$4))*12+MONTH(B16)-MONTH(सारांश!$B$4)+IF(DAY(B16)>=DAY(सारांश!$B$4),1,0) -> 1 | F16: चरण 1: आधार निर्माण (प्रथम अध्ययन) | G16: इतिहास | H16: मौर्य साम्राज्य (भाग 1/3) | I16: चंद्रगुप्त, बिंदुसार, अशोक; कलिंग युद्ध व धम्म; अभिलेख; अर्थशास्त्र; मेगस्थनीज; प्रशासन, अर्थव्यवस्था, कला; पतन | J16: पढ़ें: मौर्य साम्राज्य – NCERT इतिहास (कक्षा 6-12) • स्पेक्ट्रम आधुनिक भारत • दृष्टि IAS इतिहास नोट्स (हिंदी)। फिर स्वयं के 1-2 पृष्ठ के नोट्स + 10 फ्लैश-कार्ड बनाएँ और PDF के रूप में सहेजें ('मौर्य साम्राज्य.pdf')। तैयार PDF नोट्स खोजने हेतु क्लिक करें। | K16: वेबसाइट पर पढ़ें: drishtiias.com • visionias.in • ncert.nic.in (क्लिक करें) | L16: बिहार विशेष | M16: बिहार – मध्यकालीन एवं औपनिवेशिक इतिहास (भाग 4/5) | N16: विज्ञान-प्रौद्योगिकी, अंतरिक्ष व रक्षा समाचार | O16: आज के विषय पर 50 MCQ (+ उससे संबंधित BPSC PYQ) | P16: कल के नोट्स दोहराएँ (30 मिनट) | Q16: 7.5 | R16: NCERT इतिहास (कक्षा 6-12) • स्पेक्ट्रम आधुनिक भारत • दृष्टि IAS इतिहास नोट्स (हिंदी) • विजन IAS PT365/क्लास नोट्स • BPSC वाला क्लास नोट्स | S16: नवीनतम बिहार आर्थिक सर्वेक्षण व बजट • BPSC वाला बिहार विशेष • दृष्टि IAS बिहार विशेष (हिंदी) • राज्य सरकार के पोर्टल • बिहार सामान्य ज्ञान पुस्तक (लूसेंट/प्रभात) | T16: ▶ दृष्टि IAS | U16: ▶ BPSC वाला | V16: ▶ BPSC वाला | W16: शुरू नहीं हुआ | Y16: 📖 पढ़ें: दृष्टि • विजन • NCERT • जागरण जोश • GKToday
A17: 12 | B17: =सारांश!$B$4+A17-1 -> 46352 | C17: =CHOOSE(WEEKDAY(B17,2),"सोमवार","मंगलवार","बुधवार","गुरुवार","शुक्रवार","शनिवार","रविवार") -> गुरुवार | D17: =IF(A17=1,0,INT((A17-2)/7)+1) -> 2 | E17: =(YEAR(B17)-YEAR(सारांश!$B$4))*12+MONTH(B17)-MONTH(सारांश!$B$4)+IF(DAY(B17)>=DAY(सारांश!$B$4),1,0) -> 1 | F17: चरण 1: आधार निर्माण (प्रथम अध्ययन) | G17: इतिहास | H17: मौर्य साम्राज्य (भाग 2/3) | I17: चंद्रगुप्त, बिंदुसार, अशोक; कलिंग युद्ध व धम्म; अभिलेख; अर्थशास्त्र; मेगस्थनीज; प्रशासन, अर्थव्यवस्था, कला; पतन | J17: पढ़ें: मौर्य साम्राज्य – NCERT इतिहास (कक्षा 6-12) • स्पेक्ट्रम आधुनिक भारत • दृष्टि IAS इतिहास नोट्स (हिंदी)। फिर स्वयं के 1-2 पृष्ठ के नोट्स + 10 फ्लैश-कार्ड बनाएँ और PDF के रूप में सहेजें ('मौर्य साम्राज्य.pdf')। तैयार PDF नोट्स खोजने हेतु क्लिक करें। | K17: वेबसाइट पर पढ़ें: drishtiias.com • visionias.in • ncert.nic.in (क्लिक करें) | L17: बिहार विशेष | M17: बिहार – मध्यकालीन एवं औपनिवेशिक इतिहास (भाग 5/5) | N17: अंतर्राष्ट्रीय संबंध, शिखर सम्मेलन व भारत के पड़ोसी | O17: आज के विषय पर 50 MCQ (+ उससे संबंधित BPSC PYQ) | P17: कल के नोट्स दोहराएँ (30 मिनट) | Q17: 7.5 | R17: NCERT इतिहास (कक्षा 6-12) • स्पेक्ट्रम आधुनिक भारत • दृष्टि IAS इतिहास नोट्स (हिंदी) • विजन IAS PT365/क्लास नोट्स • BPSC वाला क्लास नोट्स | S17: नवीनतम बिहार आर्थिक सर्वेक्षण व बजट • BPSC वाला बिहार विशेष • दृष्टि IAS बिहार विशेष (हिंदी) • राज्य सरकार के पोर्टल • बिहार सामान्य ज्ञान पुस्तक (लूसेंट/प्रभात) | T17: ▶ दृष्टि IAS | U17: ▶ BPSC वाला | V17: ▶ BPSC वाला | W17: शुरू नहीं हुआ | Y17: 📖 पढ़ें: दृष्टि • विजन • NCERT • जागरण जोश • GKToday
A18: 13 | B18: =सारांश!$B$4+A18-1 -> 46353 | C18: =CHOOSE(WEEKDAY(B18,2),"सोमवार","मंगलवार","बुधवार","गुरुवार","शुक्रवार","शनिवार","रविवार") -> शुक्रवार | D18: =IF(A18=1,0,INT((A18-2)/7)+1) -> 2 | E18: =(YEAR(B18)-YEAR(सारांश!$B$4))*12+MONTH(B18)-MONTH(सारांश!$B$4)+IF(DAY(B18)>=DAY(सारांश!$B$4),1,0) -> 1 | F18: चरण 1: आधार निर्माण (प्रथम अध्ययन) | G18: इतिहास | H18: मौर्य साम्राज्य (भाग 3/3) | I18: चंद्रगुप्त, बिंदुसार, अशोक; कलिंग युद्ध व धम्म; अभिलेख; अर्थशास्त्र; मेगस्थनीज; प्रशासन, अर्थव्यवस्था, कला; पतन | J18: पढ़ें: मौर्य साम्राज्य – NCERT इतिहास (कक्षा 6-12) • स्पेक्ट्रम आधुनिक भारत • दृष्टि IAS इतिहास नोट्स (हिंदी)। फिर स्वयं के 1-2 पृष्ठ के नोट्स + 10 फ्लैश-कार्ड बनाएँ और PDF के रूप में सहेजें ('मौर्य साम्राज्य.pdf')। तैयार PDF नोट्स खोजने हेतु क्लिक करें। | K18: वेबसाइट पर पढ़ें: drishtiias.com • visionias.in • ncert.nic.in (क्लिक करें) | L18: बिहार विशेष | M18: बिहार – स्वतंत्रता संग्राम एवं आधुनिक राजनीति (भाग 1/5) | N18: पर्यावरण, योजनाएँ, रिपोर्ट व सूचकांक | O18: आज के विषय पर 50 MCQ (+ उससे संबंधित BPSC PYQ) | P18: कल के नोट्स दोहराएँ (30 मिनट) | Q18: 7.5 | R18: NCERT इतिहास (कक्षा 6-12) • स्पेक्ट्रम आधुनिक भारत • दृष्टि IAS इतिहास नोट्स (हिंदी) • विजन IAS PT365/क्लास नोट्स • BPSC वाला क्लास नोट्स | S18: नवीनतम बिहार आर्थिक सर्वेक्षण व बजट • BPSC वाला बिहार विशेष • दृष्टि IAS बिहार विशेष (हिंदी) • राज्य सरकार के पोर्टल • बिहार सामान्य ज्ञान पुस्तक (लूसेंट/प्रभात) | T18: ▶ दृष्टि IAS | U18: ▶ BPSC वाला | V18: ▶ BPSC वाला | W18: शुरू नहीं हुआ | Y18: 📖 पढ़ें: दृष्टि • विजन • NCERT • जागरण जोश • GKToday
A19: 14 | B19: =सारांश!$B$4+A19-1 -> 46354 | C19: =CHOOSE(WEEKDAY(B19,2),"सोमवार","मंगलवार","बुधवार","गुरुवार","शुक्रवार","शनिवार","रविवार") -> शनिवार | D19: =IF(A19=1,0,INT((A19-2)/7)+1) -> 2 | E19: =(YEAR(B19)-YEAR(सारांश!$B$4))*12+MONTH(B19)-MONTH(सारांश!$B$4)+IF(DAY(B19)>=DAY(सारांश!$B$4),1,0) -> 1 | F19: चरण 1: आधार निर्माण (प्रथम अध्ययन) | G19: इतिहास | H19: मौर्योत्तर काल (शुंग, कुषाण, सातवाहन, संगम) | I19: शुंग व कण्व; हिंद-यूनानी, शक, कुषाण (कनिष्क); सातवाहन; संगम साहित्य व शासन; गांधार व मथुरा कला | J19: पढ़ें: मौर्योत्तर काल (शुंग, कुषाण, सातवाहन, संगम) – NCERT इतिहास (कक्षा 6-12) • स्पेक्ट्रम आधुनिक भारत • दृष्टि IAS इतिहास नोट्स (हिंदी)। फिर स्वयं के 1-2 पृष्ठ के नोट्स + 10 फ्लैश-कार्ड बनाएँ और PDF के रूप में सहेजें ('मौर्योत्तर काल (शुंग, कुषाण,.pdf')। तैयार PDF नोट्स खोजने हेतु क्लिक करें। | K19: वेबसाइट पर पढ़ें: drishtiias.com • visionias.in • ncert.nic.in (क्लिक करें) | L19: बिहार विशेष | M19: बिहार – स्वतंत्रता संग्राम एवं आधुनिक राजनीति (भाग 2/5) | N19: साप्ताहिक करेंट अफेयर्स संकलन + 20 MCQ (दृष्टि / विजन IAS साप्ताहिक) | O19: आज के विषय पर 50 MCQ (+ उससे संबंधित BPSC PYQ) | P19: कल के नोट्स दोहराएँ (30 मिनट) | Q19: 7.5 | R19: NCERT इतिहास (कक्षा 6-12) • स्पेक्ट्रम आधुनिक भारत • दृष्टि IAS इतिहास नोट्स (हिंदी) • विजन IAS PT365/क्लास नोट्स • BPSC वाला क्लास नोट्स | S19: नवीनतम बिहार आर्थिक सर्वेक्षण व बजट • BPSC वाला बिहार विशेष • दृष्टि IAS बिहार विशेष (हिंदी) • राज्य सरकार के पोर्टल • बिहार सामान्य ज्ञान पुस्तक (लूसेंट/प्रभात) | T19: ▶ दृष्टि IAS | U19: ▶ BPSC वाला | V19: ▶ BPSC वाला | W19: शुरू नहीं हुआ | Y19: 📖 पढ़ें: दृष्टि • विजन • NCERT • जागरण जोश • GKToday
A20: 15 | B20: =सारांश!$B$4+A20-1 -> 46355 | C20: =CHOOSE(WEEKDAY(B20,2),"सोमवार","मंगलवार","बुधवार","गुरुवार","शुक्रवार","शनिवार","रविवार") -> रविवार | D20: =IF(A20=1,0,INT((A20-2)/7)+1) -> 2 | E20: =(YEAR(B20)-YEAR(सारांश!$B$4))*12+MONTH(B20)-MONTH(सारांश!$B$4)+IF(DAY(B20)>=DAY(सारांश!$B$4),1,0) -> 1 | F20: चरण 1: आधार निर्माण (प्रथम अध्ययन) | G20: टेस्ट एवं पुनरावृत्ति | H20: साप्ताहिक टेस्ट (100 MCQ, 90 मिनट) + विश्लेषण | I20: इस सप्ताह के विषय दोहराएँ: जैन, बौद्ध एवं अन्य नास्तिक संप्रदाय; मौर्य साम्राज्य; मौर्योत्तर काल (शुंग, कुषाण, सातवाहन, संगम)। त्रुटि-लॉग अद्यतन करें; 20 कमज़ोर बिंदु सूचीबद्ध करें; संक्षिप्त नोट्स दोबारा पढ़ें। | J20: इस सप्ताह के अपने PDF/हस्तलिखित नोट्स दोबारा पढ़ें। उन्हें 1 पृष्ठ के साप्ताहिक सारांश PDF में जोड़ें (त्रुटि-लॉग + 20 कमज़ोर बिंदु)। | K20: वेबसाइट पर पढ़ें: drishtiias.com • visionias.in • pib.gov.in (क्लिक करें) | L20: पुनरावृत्ति | M20: सप्ताह के द्वितीयक/बिहार विषय दोहराएँ + साप्ताहिक करेंट अफेयर्स संकलन | N20: साप्ताहिक करेंट अफेयर्स संकलन (दृष्टि IAS / विजन IAS साप्ताहिक) + 20 MCQ | O20: लक्ष्य अंक: 55%+ (साप्ताहिक शीट में अपना स्कोर दर्ज करें) | P20: पूरे सप्ताह की पुनरावृत्ति (2 घंटे) | Q20: 6 | R20: BPSC वाला / दृष्टि IAS / विजन IAS टेस्ट सीरीज़ • BPSC के PYQ (bpsc.bihar.gov.in) | S20: स्वयं के संक्षिप्त नोट्स • त्रुटि-लॉग • साप्ताहिक करेंट अफेयर्स (दृष्टि / विजन IAS) | T20: ▶ दृष्टि IAS | U20: ▶ BPSC वाला | V20: ▶ BPSC वाला | W20: शुरू नहीं हुआ
A21: 16 | B21: =सारांश!$B$4+A21-1 -> 46356 | C21: =CHOOSE(WEEKDAY(B21,2),"सोमवार","मंगलवार","बुधवार","गुरुवार","शुक्रवार","शनिवार","रविवार") -> सोमवार | D21: =IF(A21=1,0,INT((A21-2)/7)+1) -> 3 | E21: =(YEAR(B21)-YEAR(सारांश!$B$4))*12+MONTH(B21)-MONTH(सारांश!$B$4)+IF(DAY(B21)>=DAY(सारांश!$B$4),1,0) -> 1 | F21: चरण 1: आधार निर्माण (प्रथम अध्ययन) | G21: इतिहास | H21: गुप्त साम्राज्य, हर्षवर्धन एवं पाल वंश (भाग 1/3) | I21: समुद्रगुप्त, चंद्रगुप्त द्वितीय, स्कंदगुप्त; स्वर्ण युग (विज्ञान, कला, साहित्य); हर्षवर्धन व चीनी यात्री; पाल (धर्मपाल, नालंदा, विक्रमशिला) | J21: पढ़ें: गुप्त साम्राज्य, हर्षवर्धन एवं पाल वंश – NCERT इतिहास (कक्षा 6-12) • स्पेक्ट्रम आधुनिक भारत • दृष्टि IAS इतिहास नोट्स (हिंदी)। फिर स्वयं के 1-2 पृष्ठ के नोट्स + 10 फ्लैश-कार्ड बनाएँ और PDF के रूप में सहेजें ('गुप्त साम्राज्य, हर्षवर्धन एवं.pdf')। तैयार PDF नोट्स खोजने हेतु क्लिक करें। | K21: वेबसाइट पर पढ़ें: drishtiias.com • visionias.in • ncert.nic.in (क्लिक करें) | L21: बिहार विशेष | M21: बिहार – स्वतंत्रता संग्राम एवं आधुनिक राजनीति (भाग 3/5) | N21: बिहार समाचार (प्रभात खबर / दैनिक जागरण) + दृष्टि IAS दैनिक करेंट अफेयर्स | O21: आज के विषय पर 50 MCQ (+ उससे संबंधित BPSC PYQ) | P21: कल के नोट्स दोहराएँ (30 मिनट) | Q21: 7.5 | R21: NCERT इतिहास (कक्षा 6-12) • स्पेक्ट्रम आधुनिक भारत • दृष्टि IAS इतिहास नोट्स (हिंदी) • विजन IAS PT365/क्लास नोट्स • BPSC वाला क्लास नोट्स | S21: नवीनतम बिहार आर्थिक सर्वेक्षण व बजट • BPSC वाला बिहार विशेष • दृष्टि IAS बिहार विशेष (हिंदी) • राज्य सरकार के पोर्टल • बिहार सामान्य ज्ञान पुस्तक (लूसेंट/प्रभात) | T21: ▶ दृष्टि IAS | U21: ▶ BPSC वाला | V21: ▶ BPSC वाला | W21: शुरू नहीं हुआ | Y21: 📖 पढ़ें: दृष्टि • विजन • NCERT • जागरण जोश • GKToday
A22: 17 | B22: =सारांश!$B$4+A22-1 -> 46357 | C22: =CHOOSE(WEEKDAY(B22,2),"सोमवार","मंगलवार","बुधवार","गुरुवार","शुक्रवार","शनिवार","रविवार") -> मंगलवार | D22: =IF(A22=1,0,INT((A22-2)/7)+1) -> 3 | E22: =(YEAR(B22)-YEAR(सारांश!$B$4))*12+MONTH(B22)-MONTH(सारांश!$B$4)+IF(DAY(B22)>=DAY(सारांश!$B$4),1,0) -> 1 | F22: चरण 1: आधार निर्माण (प्रथम अध्ययन) | G22: इतिहास | H22: गुप्त साम्राज्य, हर्षवर्धन एवं पाल वंश (भाग 2/3) | I22: समुद्रगुप्त, चंद्रगुप्त द्वितीय, स्कंदगुप्त; स्वर्ण युग (विज्ञान, कला, साहित्य); हर्षवर्धन व चीनी यात्री; पाल (धर्मपाल, नालंदा, विक्रमशिला) | J22: पढ़ें: गुप्त साम्राज्य, हर्षवर्धन एवं पाल वंश – NCERT इतिहास (कक्षा 6-12) • स्पेक्ट्रम आधुनिक भारत • दृष्टि IAS इतिहास नोट्स (हिंदी)। फिर स्वयं के 1-2 पृष्ठ के नोट्स + 10 फ्लैश-कार्ड बनाएँ और PDF के रूप में सहेजें ('गुप्त साम्राज्य, हर्षवर्धन एवं.pdf')। तैयार PDF नोट्स खोजने हेतु क्लिक करें। | K22: वेबसाइट पर पढ़ें: drishtiias.com • visionias.in • ncert.nic.in (क्लिक करें) | L22: बिहार विशेष | M22: बिहार – स्वतंत्रता संग्राम एवं आधुनिक राजनीति (भाग 4/5) | N22: राजव्यवस्था, शासन व अर्थव्यवस्था के समाचार (द हिंदू / दृष्टि IAS) | O22: आज के विषय पर 50 MCQ (+ उससे संबंधित BPSC PYQ) | P22: कल के नोट्स दोहराएँ (30 मिनट) | Q22: 7.5 | R22: NCERT इतिहास (कक्षा 6-12) • स्पेक्ट्रम आधुनिक भारत • दृष्टि IAS इतिहास नोट्स (हिंदी) • विजन IAS PT365/क्लास नोट्स • BPSC वाला क्लास नोट्स | S22: नवीनतम बिहार आर्थिक सर्वेक्षण व बजट • BPSC वाला बिहार विशेष • दृष्टि IAS बिहार विशेष (हिंदी) • राज्य सरकार के पोर्टल • बिहार सामान्य ज्ञान पुस्तक (लूसेंट/प्रभात) | T22: ▶ दृष्टि IAS | U22: ▶ BPSC वाला | V22: ▶ BPSC वाला | W22: शुरू नहीं हुआ | Y22: 📖 पढ़ें: दृष्टि • विजन • NCERT • जागरण जोश • GKToday
A23: 18 | B23: =सारांश!$B$4+A23-1 -> 46358 | C23: =CHOOSE(WEEKDAY(B23,2),"सोमवार","मंगलवार","बुधवार","गुरुवार","शुक्रवार","शनिवार","रविवार") -> बुधवार | D23: =IF(A23=1,0,INT((A23-2)/7)+1) -> 3 | E23: =(YEAR(B23)-YEAR(सारांश!$B$4))*12+MONTH(B23)-MONTH(सारांश!$B$4)+IF(DAY(B23)>=DAY(सारांश!$B$4),1,0) -> 1 | F23: चरण 1: आधार निर्माण (प्रथम अध्ययन) | G23: इतिहास | H23: गुप्त साम्राज्य, हर्षवर्धन एवं पाल वंश (भाग 3/3) | I23: समुद्रगुप्त, चंद्रगुप्त द्वितीय, स्कंदगुप्त; स्वर्ण युग (विज्ञान, कला, साहित्य); हर्षवर्धन व चीनी यात्री; पाल (धर्मपाल, नालंदा, विक्रमशिला) | J23: पढ़ें: गुप्त साम्राज्य, हर्षवर्धन एवं पाल वंश – NCERT इतिहास (कक्षा 6-12) • स्पेक्ट्रम आधुनिक भारत • दृष्टि IAS इतिहास नोट्स (हिंदी)। फिर स्वयं के 1-2 पृष्ठ के नोट्स + 10 फ्लैश-कार्ड बनाएँ और PDF के रूप में सहेजें ('गुप्त साम्राज्य, हर्षवर्धन एवं.pdf')। तैयार PDF नोट्स खोजने हेतु क्लिक करें। | K23: वेबसाइट पर पढ़ें: drishtiias.com • visionias.in • ncert.nic.in (क्लिक करें) | L23: बिहार विशेष | M23: बिहार – स्वतंत्रता संग्राम एवं आधुनिक राजनीति (भाग 5/5) | N23: विज्ञान-प्रौद्योगिकी, अंतरिक्ष व रक्षा समाचार | O23: आज के विषय पर 50 MCQ (+ उससे संबंधित BPSC PYQ) | P23: कल के नोट्स दोहराएँ (30 मिनट) | Q23: 7.5 | R23: NCERT इतिहास (कक्षा 6-12) • स्पेक्ट्रम आधुनिक भारत • दृष्टि IAS इतिहास नोट्स (हिंदी) • विजन IAS PT365/क्लास नोट्स • BPSC वाला क्लास नोट्स | S23: नवीनतम बिहार आर्थिक सर्वेक्षण व बजट • BPSC वाला बिहार विशेष • दृष्टि IAS बिहार विशेष (हिंदी) • राज्य सरकार के पोर्टल • बिहार सामान्य ज्ञान पुस्तक (लूसेंट/प्रभात) | T23: ▶ दृष्टि IAS | U23: ▶ BPSC वाला | V23: ▶ BPSC वाला | W23: शुरू नहीं हुआ | Y23: 📖 पढ़ें: दृष्टि • विजन • NCERT • जागरण जोश • GKToday
A24: 19 | B24: =सारांश!$B$4+A24-1 -> 46359 | C24: =CHOOSE(WEEKDAY(B24,2),"सोमवार","मंगलवार","बुधवार","गुरुवार","शुक्रवार","शनिवार","रविवार") -> गुरुवार | D24: =IF(A24=1,0,INT((A24-2)/7)+1) -> 3 | E24: =(YEAR(B24)-YEAR(सारांश!$B$4))*12+MONTH(B24)-MONTH(सारांश!$B$4)+IF(DAY(B24)>=DAY(सारांश!$B$4),1,0) -> 1 | F24: चरण 1: आधार निर्माण (प्रथम अध्ययन) | G24: इतिहास | H24: पूर्व मध्यकालीन भारत (राजपूत, चोल, चालुक्य, पल्लव) (भाग 1/2) | I24: त्रिपक्षीय संघर्ष; चोल प्रशासन व कला; पल्लव/चालुक्य मंदिर शैली; सिंध पर अरब आक्रमण; गजनवी व गोरी आक्रमण; राजपूत राज्य | J24: पढ़ें: पूर्व मध्यकालीन भारत (राजपूत, चोल, चालुक्य, पल्लव) – NCERT इतिहास (कक्षा 6-12) • स्पेक्ट्रम आधुनिक भारत • दृष्टि IAS इतिहास नोट्स (हिंदी)। फिर स्वयं के 1-2 पृष्ठ के नोट्स + 10 फ्लैश-कार्ड बनाएँ और PDF के रूप में सहेजें ('पूर्व मध्यकालीन भारत (राजपूत,.pdf')। तैयार PDF नोट्स खोजने हेतु क्लिक करें। | K24: वेबसाइट पर पढ़ें: drishtiias.com • visionias.in • ncert.nic.in (क्लिक करें) | L24: बिहार विशेष | M24: बिहार – भूगोल: भौतिक स्वरूप, नदियाँ एवं जलवायु (भाग 1/8) | N24: अंतर्राष्ट्रीय संबंध, शिखर सम्मेलन व भारत के पड़ोसी | O24: आज के विषय पर 50 MCQ (+ उससे संबंधित BPSC PYQ) | P24: कल के नोट्स दोहराएँ (30 मिनट) | Q24: 7.5 | R24: NCERT इतिहास (कक्षा 6-12) • स्पेक्ट्रम आधुनिक भारत • दृष्टि IAS इतिहास नोट्स (हिंदी) • विजन IAS PT365/क्लास नोट्स • BPSC वाला क्लास नोट्स | S24: नवीनतम बिहार आर्थिक सर्वेक्षण व बजट • BPSC वाला बिहार विशेष • दृष्टि IAS बिहार विशेष (हिंदी) • राज्य सरकार के पोर्टल • बिहार सामान्य ज्ञान पुस्तक (लूसेंट/प्रभात) | T24: ▶ दृष्टि IAS | U24: ▶ BPSC वाला | V24: ▶ BPSC वाला | W24: शुरू नहीं हुआ | Y24: 📖 पढ़ें: दृष्टि • विजन • NCERT • जागरण जोश • GKToday
A25: 20 | B25: =सारांश!$B$4+A25-1 -> 46360 | C25: =CHOOSE(WEEKDAY(B25,2),"सोमवार","मंगलवार","बुधवार","गुरुवार","शुक्रवार","शनिवार","रविवार") -> शुक्रवार | D25: =IF(A25=1,0,INT((A25-2)/7)+1) -> 3 | E25: =(YEAR(B25)-YEAR(सारांश!$B$4))*12+MONTH(B25)-MONTH(सारांश!$B$4)+IF(DAY(B25)>=DAY(सारांश!$B$4),1,0) -> 1 | F25: चरण 1: आधार निर्माण (प्रथम अध्ययन) | G25: इतिहास | H25: पूर्व मध्यकालीन भारत (राजपूत, चोल, चालुक्य, पल्लव) (भाग 2/2) | I25: त्रिपक्षीय संघर्ष; चोल प्रशासन व कला; पल्लव/चालुक्य मंदिर शैली; सिंध पर अरब आक्रमण; गजनवी व गोरी आक्रमण; राजपूत राज्य | J25: पढ़ें: पूर्व मध्यकालीन भारत (राजपूत, चोल, चालुक्य, पल्लव) – NCERT इतिहास (कक्षा 6-12) • स्पेक्ट्रम आधुनिक भारत • दृष्टि IAS इतिहास नोट्स (हिंदी)। फिर स्वयं के 1-2 पृष्ठ के नोट्स + 10 फ्लैश-कार्ड बनाएँ और PDF के रूप में सहेजें ('पूर्व मध्यकालीन भारत (राजपूत,.pdf')। तैयार PDF नोट्स खोजने हेतु क्लिक करें। | K25: वेबसाइट पर पढ़ें: drishtiias.com • visionias.in • ncert.nic.in (क्लिक करें) | L25: बिहार विशेष | M25: बिहार – भूगोल: भौतिक स्वरूप, नदियाँ एवं जलवायु (भाग 2/8) | N25: पर्यावरण, योजनाएँ, रिपोर्ट व सूचकांक | O25: आज के विषय पर 50 MCQ (+ उससे संबंधित BPSC PYQ) | P25: कल के नोट्स दोहराएँ (30 मिनट) | Q25: 7.5 | R25: NCERT इतिहास (कक्षा 6-12) • स्पेक्ट्रम आधुनिक भारत • दृष्टि IAS इतिहास नोट्स (हिंदी) • विजन IAS PT365/क्लास नोट्स • BPSC वाला क्लास नोट्स | S25: नवीनतम बिहार आर्थिक सर्वेक्षण व बजट • BPSC वाला बिहार विशेष • दृष्टि IAS बिहार विशेष (हिंदी) • राज्य सरकार के पोर्टल • बिहार सामान्य ज्ञान पुस्तक (लूसेंट/प्रभात) | T25: ▶ दृष्टि IAS | U25: ▶ BPSC वाला | V25: ▶ BPSC वाला | W25: शुरू नहीं हुआ | Y25: 📖 पढ़ें: दृष्टि • विजन • NCERT • जागरण जोश • GKToday
A26: 21 | B26: =सारांश!$B$4+A26-1 -> 46361 | C26: =CHOOSE(WEEKDAY(B26,2),"सोमवार","मंगलवार","बुधवार","गुरुवार","शुक्रवार","शनिवार","रविवार") -> शनिवार | D26: =IF(A26=1,0,INT((A26-2)/7)+1) -> 3 | E26: =(YEAR(B26)-YEAR(सारांश!$B$4))*12+MONTH(B26)-MONTH(सारांश!$B$4)+IF(DAY(B26)>=DAY(सारांश!$B$4),1,0) -> 1 | F26: चरण 1: आधार निर्माण (प्रथम अध्ययन) | G26: इतिहास | H26: दिल्ली सल्तनत (भाग 1/3) | I26: गुलाम, खिलजी, तुगलक, सैयद, लोदी वंश; अलाउद्दीन व मुहम्मद बिन तुगलक के सुधार; प्रशासन, अर्थव्यवस्था, स्थापत्य; विजयनगर व बहमनी | J26: पढ़ें: दिल्ली सल्तनत – NCERT इतिहास (कक्षा 6-12) • स्पेक्ट्रम आधुनिक भारत • दृष्टि IAS इतिहास नोट्स (हिंदी)। फिर स्वयं के 1-2 पृष्ठ के नोट्स + 10 फ्लैश-कार्ड बनाएँ और PDF के रूप में सहेजें ('दिल्ली सल्तनत.pdf')। तैयार PDF नोट्स खोजने हेतु क्लिक करें। | K26: वेबसाइट पर पढ़ें: drishtiias.com • visionias.in • ncert.nic.in (क्लिक करें) | L26: बिहार विशेष | M26: बिहार – भूगोल: भौतिक स्वरूप, नदियाँ एवं जलवायु (भाग 3/8) | N26: साप्ताहिक करेंट अफेयर्स संकलन + 20 MCQ (दृष्टि / विजन IAS साप्ताहिक) | O26: आज के विषय पर 50 MCQ (+ उससे संबंधित BPSC PYQ) | P26: कल के नोट्स दोहराएँ (30 मिनट) | Q26: 7.5 | R26: NCERT इतिहास (कक्षा 6-12) • स्पेक्ट्रम आधुनिक भारत • दृष्टि IAS इतिहास नोट्स (हिंदी) • विजन IAS PT365/क्लास नोट्स • BPSC वाला क्लास नोट्स | S26: नवीनतम बिहार आर्थिक सर्वेक्षण व बजट • BPSC वाला बिहार विशेष • दृष्टि IAS बिहार विशेष (हिंदी) • राज्य सरकार के पोर्टल • बिहार सामान्य ज्ञान पुस्तक (लूसेंट/प्रभात) | T26: ▶ दृष्टि IAS | U26: ▶ BPSC वाला | V26: ▶ BPSC वाला | W26: शुरू नहीं हुआ | Y26: 📖 पढ़ें: दृष्टि • विजन • NCERT • जागरण जोश • GKToday
A27: 22 | B27: =सारांश!$B$4+A27-1 -> 46362 | C27: =CHOOSE(WEEKDAY(B27,2),"सोमवार","मंगलवार","बुधवार","गुरुवार","शुक्रवार","शनिवार","रविवार") -> रविवार | D27: =IF(A27=1,0,INT((A27-2)/7)+1) -> 3 | E27: =(YEAR(B27)-YEAR(सारांश!$B$4))*12+MONTH(B27)-MONTH(सारांश!$B$4)+IF(DAY(B27)>=DAY(सारांश!$B$4),1,0) -> 1 | F27: चरण 1: आधार निर्माण (प्रथम अध्ययन) | G27: टेस्ट एवं पुनरावृत्ति | H27: साप्ताहिक टेस्ट (100 MCQ, 90 मिनट) + विश्लेषण | I27: इस सप्ताह के विषय दोहराएँ: गुप्त साम्राज्य, हर्षवर्धन एवं पाल वंश; पूर्व मध्यकालीन भारत (राजपूत, चोल, चालुक्य, पल्लव); दिल्ली सल्तनत। त्रुटि-लॉग अद्यतन करें; 20 कमज़ोर बिंदु सूचीबद्ध करें; संक्षिप्त नोट्स दोबारा पढ़ें। | J27: इस सप्ताह के अपने PDF/हस्तलिखित नोट्स दोबारा पढ़ें। उन्हें 1 पृष्ठ के साप्ताहिक सारांश PDF में जोड़ें (त्रुटि-लॉग + 20 कमज़ोर बिंदु)। | K27: वेबसाइट पर पढ़ें: drishtiias.com • visionias.in • pib.gov.in (क्लिक करें) | L27: पुनरावृत्ति | M27: सप्ताह के द्वितीयक/बिहार विषय दोहराएँ + साप्ताहिक करेंट अफेयर्स संकलन | N27: साप्ताहिक करेंट अफेयर्स संकलन (दृष्टि IAS / विजन IAS साप्ताहिक) + 20 MCQ | O27: लक्ष्य अंक: 55%+ (साप्ताहिक शीट में अपना स्कोर दर्ज करें) | P27: पूरे सप्ताह की पुनरावृत्ति (2 घंटे) | Q27: 6 | R27: BPSC वाला / दृष्टि IAS / विजन IAS टेस्ट सीरीज़ • BPSC के PYQ (bpsc.bihar.gov.in) | S27: स्वयं के संक्षिप्त नोट्स • त्रुटि-लॉग • साप्ताहिक करेंट अफेयर्स (दृष्टि / विजन IAS) | T27: ▶ दृष्टि IAS | U27: ▶ BPSC वाला | V27: ▶ BPSC वाला | W27: शुरू नहीं हुआ
A28: 23 | B28: =सारांश!$B$4+A28-1 -> 46363 | C28: =CHOOSE(WEEKDAY(B28,2),"सोमवार","मंगलवार","बुधवार","गुरुवार","शुक्रवार","शनिवार","रविवार") -> सोमवार | D28: =IF(A28=1,0,INT((A28-2)/7)+1) -> 4 | E28: =(YEAR(B28)-YEAR(सारांश!$B$4))*12+MONTH(B28)-MONTH(सारांश!$B$4)+IF(DAY(B28)>=DAY(सारांश!$B$4),1,0) -> 1 | F28: चरण 1: आधार निर्माण (प्रथम अध्ययन) | G28: इतिहास | H28: दिल्ली सल्तनत (भाग 2/3) | I28: गुलाम, खिलजी, तुगलक, सैयद, लोदी वंश; अलाउद्दीन व मुहम्मद बिन तुगलक के सुधार; प्रशासन, अर्थव्यवस्था, स्थापत्य; विजयनगर व बहमनी | J28: पढ़ें: दिल्ली सल्तनत – NCERT इतिहास (कक्षा 6-12) • स्पेक्ट्रम आधुनिक भारत • दृष्टि IAS इतिहास नोट्स (हिंदी)। फिर स्वयं के 1-2 पृष्ठ के नोट्स + 10 फ्लैश-कार्ड बनाएँ और PDF के रूप में सहेजें ('दिल्ली सल्तनत.pdf')। तैयार PDF नोट्स खोजने हेतु क्लिक करें। | K28: वेबसाइट पर पढ़ें: drishtiias.com • visionias.in • ncert.nic.in (क्लिक करें) | L28: बिहार विशेष | M28: बिहार – भूगोल: भौतिक स्वरूप, नदियाँ एवं जलवायु (भाग 4/8) | N28: बिहार समाचार (प्रभात खबर / दैनिक जागरण) + दृष्टि IAS दैनिक करेंट अफेयर्स | O28: आज के विषय पर 50 MCQ (+ उससे संबंधित BPSC PYQ) | P28: कल के नोट्स दोहराएँ (30 मिनट) | Q28: 7.5 | R28: NCERT इतिहास (कक्षा 6-12) • स्पेक्ट्रम आधुनिक भारत • दृष्टि IAS इतिहास नोट्स (हिंदी) • विजन IAS PT365/क्लास नोट्स • BPSC वाला क्लास नोट्स | S28: नवीनतम बिहार आर्थिक सर्वेक्षण व बजट • BPSC वाला बिहार विशेष • दृष्टि IAS बिहार विशेष (हिंदी) • राज्य सरकार के पोर्टल • बिहार सामान्य ज्ञान पुस्तक (लूसेंट/प्रभात) | T28: ▶ दृष्टि IAS | U28: ▶ BPSC वाला | V28: ▶ BPSC वाला | W28: शुरू नहीं हुआ | Y28: 📖 पढ़ें: दृष्टि • विजन • NCERT • जागरण जोश • GKToday
A29: 24 | B29: =सारांश!$B$4+A29-1 -> 46364 | C29: =CHOOSE(WEEKDAY(B29,2),"सोमवार","मंगलवार","बुधवार","गुरुवार","शुक्रवार","शनिवार","रविवार") -> मंगलवार | D29: =IF(A29=1,0,INT((A29-2)/7)+1) -> 4 | E29: =(YEAR(B29)-YEAR(सारांश!$B$4))*12+MONTH(B29)-MONTH(सारांश!$B$4)+IF(DAY(B29)>=DAY(सारांश!$B$4),1,0) -> 1 | F29: चरण 1: आधार निर्माण (प्रथम अध्ययन) | G29: इतिहास | H29: दिल्ली सल्तनत (भाग 3/3) | I29: गुलाम, खिलजी, तुगलक, सैयद, लोदी वंश; अलाउद्दीन व मुहम्मद बिन तुगलक के सुधार; प्रशासन, अर्थव्यवस्था, स्थापत्य; विजयनगर व बहमनी | J29: पढ़ें: दिल्ली सल्तनत – NCERT इतिहास (कक्षा 6-12) • स्पेक्ट्रम आधुनिक भारत • दृष्टि IAS इतिहास नोट्स (हिंदी)। फिर स्वयं के 1-2 पृष्ठ के नोट्स + 10 फ्लैश-कार्ड बनाएँ और PDF के रूप में सहेजें ('दिल्ली सल्तनत.pdf')। तैयार PDF नोट्स खोजने हेतु क्लिक करें। | K29: वेबसाइट पर पढ़ें: drishtiias.com • visionias.in • ncert.nic.in (क्लिक करें) | L29: बिहार विशेष | M29: बिहार – भूगोल: भौतिक स्वरूप, नदियाँ एवं जलवायु (भाग 5/8) | N29: राजव्यवस्था, शासन व अर्थव्यवस्था के समाचार (द हिंदू / दृष्टि IAS) | O29: आज के विषय पर 50 MCQ (+ उससे संबंधित BPSC PYQ) | P29: कल के नोट्स दोहराएँ (30 मिनट) | Q29: 7.5 | R29: NCERT इतिहास (कक्षा 6-12) • स्पेक्ट्रम आधुनिक भारत • दृष्टि IAS इतिहास नोट्स (हिंदी) • विजन IAS PT365/क्लास नोट्स • BPSC वाला क्लास नोट्स | S29: नवीनतम बिहार आर्थिक सर्वेक्षण व बजट • BPSC वाला बिहार विशेष • दृष्टि IAS बिहार विशेष (हिंदी) • राज्य सरकार के पोर्टल • बिहार सामान्य ज्ञान पुस्तक (लूसेंट/प्रभात) | T29: ▶ दृष्टि IAS | U29: ▶ BPSC वाला | V29: ▶ BPSC वाला | W29: शुरू नहीं हुआ | Y29: 📖 पढ़ें: दृष्टि • विजन • NCERT • जागरण जोश • GKToday
A30: 25 | B30: =सारांश!$B$4+A30-1 -> 46365 | C30: =CHOOSE(WEEKDAY(B30,2),"सोमवार","मंगलवार","बुधवार","गुरुवार","शुक्रवार","शनिवार","रविवार") -> बुधवार | D30: =IF(A30=1,0,INT((A30-2)/7)+1) -> 4 | E30: =(YEAR(B30)-YEAR(सारांश!$B$4))*12+MONTH(B30)-MONTH(सारांश!$B$4)+IF(DAY(B30)>=DAY(सारांश!$B$4),1,0) -> 1 | F30: चरण 1: आधार निर्माण (प्रथम अध्ययन) | G30: इतिहास | H30: भक्ति एवं सूफी आंदोलन | I30: अलवार/नयनार, रामानंद, कबीर, नानक, चैतन्य, मीराबाई; सूफी सिलसिले (चिश्ती, सुहरावर्दी); समाज व भाषा पर प्रभाव | J30: पढ़ें: भक्ति एवं सूफी आंदोलन – NCERT इतिहास (कक्षा 6-12) • स्पेक्ट्रम आधुनिक भारत • दृष्टि IAS इतिहास नोट्स (हिंदी)। फिर स्वयं के 1-2 पृष्ठ के नोट्स + 10 फ्लैश-कार्ड बनाएँ और PDF के रूप में सहेजें ('भक्ति एवं सूफी आंदोलन.pdf')। तैयार PDF नोट्स खोजने हेतु क्लिक करें। | K30: वेबसाइट पर पढ़ें: drishtiias.com • visionias.in • ncert.nic.in (क्लिक करें) | L30: बिहार विशेष | M30: बिहार – भूगोल: भौतिक स्वरूप, नदियाँ एवं जलवायु (भाग 6/8) | N30: विज्ञान-प्रौद्योगिकी, अंतरिक्ष व रक्षा समाचार | O30: आज के विषय पर 50 MCQ (+ उससे संबंधित BPSC PYQ) | P30: कल के नोट्स दोहराएँ (30 मिनट) | Q30: 7.5 | R30: NCERT इतिहास (कक्षा 6-12) • स्पेक्ट्रम आधुनिक भारत • दृष्टि IAS इतिहास नोट्स (हिंदी) • विजन IAS PT365/क्लास नोट्स • BPSC वाला क्लास नोट्स | S30: नवीनतम बिहार आर्थिक सर्वेक्षण व बजट • BPSC वाला बिहार विशेष • दृष्टि IAS बिहार विशेष (हिंदी) • राज्य सरकार के पोर्टल • बिहार सामान्य ज्ञान पुस्तक (लूसेंट/प्रभात) | T30: ▶ दृष्टि IAS | U30: ▶ BPSC वाला | V30: ▶ BPSC वाला | W30: शुरू नहीं हुआ | Y30: 📖 पढ़ें: दृष्टि • विजन • NCERT • जागरण जोश • GKToday
A31: 26 | B31: =सारांश!$B$4+A31-1 -> 46366 | C31: =CHOOSE(WEEKDAY(B31,2),"सोमवार","मंगलवार","बुधवार","गुरुवार","शुक्रवार","शनिवार","रविवार") -> गुरुवार | D31: =IF(A31=1,0,INT((A31-2)/7)+1) -> 4 | E31: =(YEAR(B31)-YEAR(सारांश!$B$4))*12+MONTH(B31)-MONTH(सारांश!$B$4)+IF(DAY(B31)>=DAY(सारांश!$B$4),1,0) -> 1 | F31: चरण 1: आधार निर्माण (प्रथम अध्ययन) | G31: इतिहास | H31: मुगल साम्राज्य (भाग 1/5) | I31: बाबर–औरंगज़ेब; शेरशाह सूरी (सासाराम, बिहार) व उसके सुधार; अकबर की नीतियाँ, मनसबदारी, भू-राजस्व; कला, स्थापत्य, साहित्य; पतन | J31: पढ़ें: मुगल साम्राज्य – NCERT इतिहास (कक्षा 6-12) • स्पेक्ट्रम आधुनिक भारत • दृष्टि IAS इतिहास नोट्स (हिंदी)। फिर स्वयं के 1-2 पृष्ठ के नोट्स + 10 फ्लैश-कार्ड बनाएँ और PDF के रूप में सहेजें ('मुगल साम्राज्य.pdf')। तैयार PDF नोट्स खोजने हेतु क्लिक करें। | K31: वेबसाइट पर पढ़ें: drishtiias.com • visionias.in • ncert.nic.in (क्लिक करें) | L31: बिहार विशेष | M31: बिहार – भूगोल: भौतिक स्वरूप, नदियाँ एवं जलवायु (भाग 7/8) | N31: अंतर्राष्ट्रीय संबंध, शिखर सम्मेलन व भारत के पड़ोसी | O31: आज के विषय पर 50 MCQ (+ उससे संबंधित BPSC PYQ) | P31: कल के नोट्स दोहराएँ (30 मिनट) | Q31: 7.5 | R31: NCERT इतिहास (कक्षा 6-12) • स्पेक्ट्रम आधुनिक भारत • दृष्टि IAS इतिहास नोट्स (हिंदी) • विजन IAS PT365/क्लास नोट्स • BPSC वाला क्लास नोट्स | S31: नवीनतम बिहार आर्थिक सर्वेक्षण व बजट • BPSC वाला बिहार विशेष • दृष्टि IAS बिहार विशेष (हिंदी) • राज्य सरकार के पोर्टल • बिहार सामान्य ज्ञान पुस्तक (लूसेंट/प्रभात) | T31: ▶ दृष्टि IAS | U31: ▶ BPSC वाला | V31: ▶ BPSC वाला | W31: शुरू नहीं हुआ | Y31: 📖 पढ़ें: दृष्टि • विजन • NCERT • जागरण जोश • GKToday
A32: 27 | B32: =सारांश!$B$4+A32-1 -> 46367 | C32: =CHOOSE(WEEKDAY(B32,2),"सोमवार","मंगलवार","बुधवार","गुरुवार","शुक्रवार","शनिवार","रविवार") -> शुक्रवार | D32: =IF(A32=1,0,INT((A32-2)/7)+1) -> 4 | E32: =(YEAR(B32)-YEAR(सारांश!$B$4))*12+MONTH(B32)-MONTH(सारांश!$B$4)+IF(DAY(B32)>=DAY(सारांश!$B$4),1,0) -> 1 | F32: चरण 1: आधार निर्माण (प्रथम अध्ययन) | G32: इतिहास | H32: मुगल साम्राज्य (भाग 2/5) | I32: बाबर–औरंगज़ेब; शेरशाह सूरी (सासाराम, बिहार) व उसके सुधार; अकबर की नीतियाँ, मनसबदारी, भू-राजस्व; कला, स्थापत्य, साहित्य; पतन | J32: पढ़ें: मुगल साम्राज्य – NCERT इतिहास (कक्षा 6-12) • स्पेक्ट्रम आधुनिक भारत • दृष्टि IAS इतिहास नोट्स (हिंदी)। फिर स्वयं के 1-2 पृष्ठ के नोट्स + 10 फ्लैश-कार्ड बनाएँ और PDF के रूप में सहेजें ('मुगल साम्राज्य.pdf')। तैयार PDF नोट्स खोजने हेतु क्लिक करें। | K32: वेबसाइट पर पढ़ें: drishtiias.com • visionias.in • ncert.nic.in (क्लिक करें) | L32: बिहार विशेष | M32: बिहार – भूगोल: भौतिक स्वरूप, नदियाँ एवं जलवायु (भाग 8/8) | N32: पर्यावरण, योजनाएँ, रिपोर्ट व सूचकांक | O32: आज के विषय पर 50 MCQ (+ उससे संबंधित BPSC PYQ) | P32: कल के नोट्स दोहराएँ (30 मिनट) | Q32: 7.5 | R32: NCERT इतिहास (कक्षा 6-12) • स्पेक्ट्रम आधुनिक भारत • दृष्टि IAS इतिहास नोट्स (हिंदी) • विजन IAS PT365/क्लास नोट्स • BPSC वाला क्लास नोट्स | S32: नवीनतम बिहार आर्थिक सर्वेक्षण व बजट • BPSC वाला बिहार विशेष • दृष्टि IAS बिहार विशेष (हिंदी) • राज्य सरकार के पोर्टल • बिहार सामान्य ज्ञान पुस्तक (लूसेंट/प्रभात) | T32: ▶ दृष्टि IAS | U32: ▶ BPSC वाला | V32: ▶ BPSC वाला | W32: शुरू नहीं हुआ | Y32: 📖 पढ़ें: दृष्टि • विजन • NCERT • जागरण जोश • GKToday
A33: 28 | B33: =सारांश!$B$4+A33-1 -> 46368 | C33: =CHOOSE(WEEKDAY(B33,2),"सोमवार","मंगलवार","बुधवार","गुरुवार","शुक्रवार","शनिवार","रविवार") -> शनिवार | D33: =IF(A33=1,0,INT((A33-2)/7)+1) -> 4 | E33: =(YEAR(B33)-YEAR(सारांश!$B$4))*12+MONTH(B33)-MONTH(सारांश!$B$4)+IF(DAY(B33)>=DAY(सारांश!$B$4),1,0) -> 1 | F33: चरण 1: आधार निर्माण (प्रथम अध्ययन) | G33: इतिहास | H33: मुगल साम्राज्य (भाग 3/5) | I33: बाबर–औरंगज़ेब; शेरशाह सूरी (सासाराम, बिहार) व उसके सुधार; अकबर की नीतियाँ, मनसबदारी, भू-राजस्व; कला, स्थापत्य, साहित्य; पतन | J33: पढ़ें: मुगल साम्राज्य – NCERT इतिहास (कक्षा 6-12) • स्पेक्ट्रम आधुनिक भारत • दृष्टि IAS इतिहास नोट्स (हिंदी)। फिर स्वयं के 1-2 पृष्ठ के नोट्स + 10 फ्लैश-कार्ड बनाएँ और PDF के रूप में सहेजें ('मुगल साम्राज्य.pdf')। तैयार PDF नोट्स खोजने हेतु क्लिक करें। | K33: वेबसाइट पर पढ़ें: drishtiias.com • visionias.in • ncert.nic.in (क्लिक करें) | L33: बिहार विशेष | M33: बिहार – कृषि, सिंचाई एवं उद्योग (भाग 1/5) | N33: साप्ताहिक करेंट अफेयर्स संकलन + 20 MCQ (दृष्टि / विजन IAS साप्ताहिक) | O33: आज के विषय पर 50 MCQ (+ उससे संबंधित BPSC PYQ) | P33: कल के नोट्स दोहराएँ (30 मिनट) | Q33: 7.5 | R33: NCERT इतिहास (कक्षा 6-12) • स्पेक्ट्रम आधुनिक भारत • दृष्टि IAS इतिहास नोट्स (हिंदी) • विजन IAS PT365/क्लास नोट्स • BPSC वाला क्लास नोट्स | S33: नवीनतम बिहार आर्थिक सर्वेक्षण व बजट • BPSC वाला बिहार विशेष • दृष्टि IAS बिहार विशेष (हिंदी) • राज्य सरकार के पोर्टल • बिहार सामान्य ज्ञान पुस्तक (लूसेंट/प्रभात) | T33: ▶ दृष्टि IAS | U33: ▶ BPSC वाला | V33: ▶ BPSC वाला | W33: शुरू नहीं हुआ | Y33: 📖 पढ़ें: दृष्टि • विजन • NCERT • जागरण जोश • GKToday
A34: 29 | B34: =सारांश!$B$4+A34-1 -> 46369 | C34: =CHOOSE(WEEKDAY(B34,2),"सोमवार","मंगलवार","बुधवार","गुरुवार","शुक्रवार","शनिवार","रविवार") -> रविवार | D34: =IF(A34=1,0,INT((A34-2)/7)+1) -> 4 | E34: =(YEAR(B34)-YEAR(सारांश!$B$4))*12+MONTH(B34)-MONTH(सारांश!$B$4)+IF(DAY(B34)>=DAY(सारांश!$B$4),1,0) -> 1 | F34: चरण 1: आधार निर्माण (प्रथम अध्ययन) | G34: टेस्ट एवं पुनरावृत्ति | H34: मासिक टेस्ट (150 प्रश्न, 2 घंटे, प्रारंभिक परीक्षा पैटर्न) + विश्लेषण + आधे दिन का विश्राम | I34: इस सप्ताह के विषय दोहराएँ: दिल्ली सल्तनत; भक्ति एवं सूफी आंदोलन; मुगल साम्राज्य। त्रुटि-लॉग अद्यतन करें; 20 कमज़ोर बिंदु सूचीबद्ध करें; संक्षिप्त नोट्स दोबारा पढ़ें। | J34: इस सप्ताह के अपने PDF/हस्तलिखित नोट्स दोबारा पढ़ें। उन्हें 1 पृष्ठ के साप्ताहिक सारांश PDF में जोड़ें (त्रुटि-लॉग + 20 कमज़ोर बिंदु)। | K34: वेबसाइट पर पढ़ें: drishtiias.com • visionias.in • pib.gov.in (क्लिक करें) | L34: पुनरावृत्ति | M34: सप्ताह के द्वितीयक/बिहार विषय दोहराएँ + साप्ताहिक करेंट अफेयर्स संकलन | N34: साप्ताहिक करेंट अफेयर्स संकलन (दृष्टि IAS / विजन IAS साप्ताहिक) + 20 MCQ | O34: लक्ष्य अंक: 55%+ (साप्ताहिक शीट में अपना स्कोर दर्ज करें) | P34: पूरे सप्ताह की पुनरावृत्ति (2 घंटे) | Q34: 6 | R34: BPSC वाला / दृष्टि IAS / विजन IAS टेस्ट सीरीज़ • BPSC के PYQ (bpsc.bihar.gov.in) | S34: स्वयं के संक्षिप्त नोट्स • त्रुटि-लॉग • साप्ताहिक करेंट अफेयर्स (दृष्टि / विजन IAS) | T34: ▶ दृष्टि IAS | U34: ▶ BPSC वाला | V34: ▶ BPSC वाला | W34: शुरू नहीं हुआ
A35: 30 | B35: =सारांश!$B$4+A35-1 -> 46370 | C35: =CHOOSE(WEEKDAY(B35,2),"सोमवार","मंगलवार","बुधवार","गुरुवार","शुक्रवार","शनिवार","रविवार") -> सोमवार | D35: =IF(A35=1,0,INT((A35-2)/7)+1) -> 5 | E35: =(YEAR(B35)-YEAR(सारांश!$B$4))*12+MONTH(B35)-MONTH(सारांश!$B$4)+IF(DAY(B35)>=DAY(सारांश!$B$4),1,0) -> 1 | F35: चरण 1: आधार निर्माण (प्रथम अध्ययन) | G35: इतिहास | H35: मुगल साम्राज्य (भाग 4/5) | I35: बाबर–औरंगज़ेब; शेरशाह सूरी (सासाराम, बिहार) व उसके सुधार; अकबर की नीतियाँ, मनसबदारी, भू-राजस्व; कला, स्थापत्य, साहित्य; पतन | J35: पढ़ें: मुगल साम्राज्य – NCERT इतिहास (कक्षा 6-12) • स्पेक्ट्रम आधुनिक भारत • दृष्टि IAS इतिहास नोट्स (हिंदी)। फिर स्वयं के 1-2 पृष्ठ के नोट्स + 10 फ्लैश-कार्ड बनाएँ और PDF के रूप में सहेजें ('मुगल साम्राज्य.pdf')। तैयार PDF नोट्स खोजने हेतु क्लिक करें। | K35: वेबसाइट पर पढ़ें: drishtiias.com • visionias.in • ncert.nic.in (क्लिक करें) | L35: बिहार विशेष | M35: बिहार – कृषि, सिंचाई एवं उद्योग (भाग 2/5) | N35: बिहार समाचार (प्रभात खबर / दैनिक जागरण) + दृष्टि IAS दैनिक करेंट अफेयर्स | O35: आज के विषय पर 50 MCQ (+ उससे संबंधित BPSC PYQ) | P35: कल के नोट्स दोहराएँ (30 मिनट) | Q35: 7.5 | R35: NCERT इतिहास (कक्षा 6-12) • स्पेक्ट्रम आधुनिक भारत • दृष्टि IAS इतिहास नोट्स (हिंदी) • विजन IAS PT365/क्लास नोट्स • BPSC वाला क्लास नोट्स | S35: नवीनतम बिहार आर्थिक सर्वेक्षण व बजट • BPSC वाला बिहार विशेष • दृष्टि IAS बिहार विशेष (हिंदी) • राज्य सरकार के पोर्टल • बिहार सामान्य ज्ञान पुस्तक (लूसेंट/प्रभात) | T35: ▶ दृष्टि IAS | U35: ▶ BPSC वाला | V35: ▶ BPSC वाला | W35: शुरू नहीं हुआ | Y35: 📖 पढ़ें: दृष्टि • विजन • NCERT • जागरण जोश • GKToday
A36: 31 | B36: =सारांश!$B$4+A36-1 -> 46371 | C36: =CHOOSE(WEEKDAY(B36,2),"सोमवार","मंगलवार","बुधवार","गुरुवार","शुक्रवार","शनिवार","रविवार") -> मंगलवार | D36: =IF(A36=1,0,INT((A36-2)/7)+1) -> 5 | E36: =(YEAR(B36)-YEAR(सारांश!$B$4))*12+MONTH(B36)-MONTH(सारांश!$B$4)+IF(DAY(B36)>=DAY(सारांश!$B$4),1,0) -> 2 | F36: चरण 1: आधार निर्माण (प्रथम अध्ययन) | G36: इतिहास | H36: मुगल साम्राज्य (भाग 5/5) | I36: बाबर–औरंगज़ेब; शेरशाह सूरी (सासाराम, बिहार) व उसके सुधार; अकबर की नीतियाँ, मनसबदारी, भू-राजस्व; कला, स्थापत्य, साहित्य; पतन | J36: पढ़ें: मुगल साम्राज्य – NCERT इतिहास (कक्षा 6-12) • स्पेक्ट्रम आधुनिक भारत • दृष्टि IAS इतिहास नोट्स (हिंदी)। फिर स्वयं के 1-2 पृष्ठ के नोट्स + 10 फ्लैश-कार्ड बनाएँ और PDF के रूप में सहेजें ('मुगल साम्राज्य.pdf')। तैयार PDF नोट्स खोजने हेतु क्लिक करें। | K36: वेबसाइट पर पढ़ें: drishtiias.com • visionias.in • ncert.nic.in (क्लिक करें) | L36: बिहार विशेष | M36: बिहार – कृषि, सिंचाई एवं उद्योग (भाग 3/5) | N36: राजव्यवस्था, शासन व अर्थव्यवस्था के समाचार (द हिंदू / दृष्टि IAS) | O36: आज के विषय पर 50 MCQ (+ उससे संबंधित BPSC PYQ) | P36: कल के नोट्स दोहराएँ (30 मिनट) | Q36: 7.5 | R36: NCERT इतिहास (कक्षा 6-12) • स्पेक्ट्रम आधुनिक भारत • दृष्टि IAS इतिहास नोट्स (हिंदी) • विजन IAS PT365/क्लास नोट्स • BPSC वाला क्लास नोट्स | S36: नवीनतम बिहार आर्थिक सर्वेक्षण व बजट • BPSC वाला बिहार विशेष • दृष्टि IAS बिहार विशेष (हिंदी) • राज्य सरकार के पोर्टल • बिहार सामान्य ज्ञान पुस्तक (लूसेंट/प्रभात) | T36: ▶ दृष्टि IAS | U36: ▶ BPSC वाला | V36: ▶ BPSC वाला | W36: शुरू नहीं हुआ | Y36: 📖 पढ़ें: दृष्टि • विजन • NCERT • जागरण जोश • GKToday
A37: 32 | B37: =सारांश!$B$4+A37-1 -> 46372 | C37: =CHOOSE(WEEKDAY(B37,2),"सोमवार","मंगलवार","बुधवार","गुरुवार","शुक्रवार","शनिवार","रविवार") -> बुधवार | D37: =IF(A37=1,0,INT((A37-2)/7)+1) -> 5 | E37: =(YEAR(B37)-YEAR(सारांश!$B$4))*12+MONTH(B37)-MONTH(सारांश!$B$4)+IF(DAY(B37)>=DAY(सारांश!$B$4),1,0) -> 2 | F37: चरण 1: आधार निर्माण (प्रथम अध्ययन) | G37: इतिहास | H37: मराठा एवं क्षेत्रीय शक्तियाँ (18वीं शताब्दी) | I37: शिवाजी व प्रशासन, पेशवा, पानीपत 1761; सिख, राजपूत, अवध, बंगाल, हैदराबाद; मुगल पतन | J37: पढ़ें: मराठा एवं क्षेत्रीय शक्तियाँ (18वीं शताब्दी) – NCERT इतिहास (कक्षा 6-12) • स्पेक्ट्रम आधुनिक भारत • दृष्टि IAS इतिहास नोट्स (हिंदी)। फिर स्वयं के 1-2 पृष्ठ के नोट्स + 10 फ्लैश-कार्ड बनाएँ और PDF के रूप में सहेजें ('मराठा एवं क्षेत्रीय शक्तियाँ.pdf')। तैयार PDF नोट्स खोजने हेतु क्लिक करें। | K37: वेबसाइट पर पढ़ें: drishtiias.com • visionias.in • ncert.nic.in (क्लिक करें) | L37: बिहार विशेष | M37: बिहार – कृषि, सिंचाई एवं उद्योग (भाग 4/5) | N37: विज्ञान-प्रौद्योगिकी, अंतरिक्ष व रक्षा समाचार | O37: आज के विषय पर 50 MCQ (+ उससे संबंधित BPSC PYQ) | P37: कल के नोट्स दोहराएँ (30 मिनट) | Q37: 7.5 | R37: NCERT इतिहास (कक्षा 6-12) • स्पेक्ट्रम आधुनिक भारत • दृष्टि IAS इतिहास नोट्स (हिंदी) • विजन IAS PT365/क्लास नोट्स • BPSC वाला क्लास नोट्स | S37: नवीनतम बिहार आर्थिक सर्वेक्षण व बजट • BPSC वाला बिहार विशेष • दृष्टि IAS बिहार विशेष (हिंदी) • राज्य सरकार के पोर्टल • बिहार सामान्य ज्ञान पुस्तक (लूसेंट/प्रभात) | T37: ▶ दृष्टि IAS | U37: ▶ BPSC वाला | V37: ▶ BPSC वाला | W37: शुरू नहीं हुआ | Y37: 📖 पढ़ें: दृष्टि • विजन • NCERT • जागरण जोश • GKToday
A38: 33 | B38: =सारांश!$B$4+A38-1 -> 46373 | C38: =CHOOSE(WEEKDAY(B38,2),"सोमवार","मंगलवार","बुधवार","गुरुवार","शुक्रवार","शनिवार","रविवार") -> गुरुवार | D38: =IF(A38=1,0,INT((A38-2)/7)+1) -> 5 | E38: =(YEAR(B38)-YEAR(सारांश!$B$4))*12+MONTH(B38)-MONTH(सारांश!$B$4)+IF(DAY(B38)>=DAY(सारांश!$B$4),1,0) -> 2 | F38: चरण 1: आधार निर्माण (प्रथम अध्ययन) | G38: इतिहास | H38: यूरोपीय आगमन एवं ब्रिटिश विस्तार (भाग 1/3) | I38: पुर्तगाली, डच, फ्रांसीसी, अंग्रेज़ कंपनियाँ; कर्नाटक युद्ध; प्लासी 1757 व बक्सर 1764 (बिहार संबंध); सहायक संधि, व्यपगत सिद्धांत; भू-राजस्व व्यवस्थाएँ; आर्थिक निकास | J38: पढ़ें: यूरोपीय आगमन एवं ब्रिटिश विस्तार – NCERT इतिहास (कक्षा 6-12) • स्पेक्ट्रम आधुनिक भारत • दृष्टि IAS इतिहास नोट्स (हिंदी)। फिर स्वयं के 1-2 पृष्ठ के नोट्स + 10 फ्लैश-कार्ड बनाएँ और PDF के रूप में सहेजें ('यूरोपीय आगमन एवं ब्रिटिश विस्तार.pdf')। तैयार PDF नोट्स खोजने हेतु क्लिक करें। | K38: वेबसाइट पर पढ़ें: drishtiias.com • visionias.in • ncert.nic.in (क्लिक करें) | L38: बिहार विशेष | M38: बिहार – कृषि, सिंचाई एवं उद्योग (भाग 5/5) | N38: अंतर्राष्ट्रीय संबंध, शिखर सम्मेलन व भारत के पड़ोसी | O38: आज के विषय पर 50 MCQ (+ उससे संबंधित BPSC PYQ) | P38: कल के नोट्स दोहराएँ (30 मिनट) | Q38: 7.5 | R38: NCERT इतिहास (कक्षा 6-12) • स्पेक्ट्रम आधुनिक भारत • दृष्टि IAS इतिहास नोट्स (हिंदी) • विजन IAS PT365/क्लास नोट्स • BPSC वाला क्लास नोट्स | S38: नवीनतम बिहार आर्थिक सर्वेक्षण व बजट • BPSC वाला बिहार विशेष • दृष्टि IAS बिहार विशेष (हिंदी) • राज्य सरकार के पोर्टल • बिहार सामान्य ज्ञान पुस्तक (लूसेंट/प्रभात) | T38: ▶ दृष्टि IAS | U38: ▶ BPSC वाला | V38: ▶ BPSC वाला | W38: शुरू नहीं हुआ | Y38: 📖 पढ़ें: दृष्टि • विजन • NCERT • जागरण जोश • GKToday
A39: 34 | B39: =सारांश!$B$4+A39-1 -> 46374 | C39: =CHOOSE(WEEKDAY(B39,2),"सोमवार","मंगलवार","बुधवार","गुरुवार","शुक्रवार","शनिवार","रविवार") -> शुक्रवार | D39: =IF(A39=1,0,INT((A39-2)/7)+1) -> 5 | E39: =(YEAR(B39)-YEAR(सारांश!$B$4))*12+MONTH(B39)-MONTH(सारांश!$B$4)+IF(DAY(B39)>=DAY(सारांश!$B$4),1,0) -> 2 | F39: चरण 1: आधार निर्माण (प्रथम अध्ययन) | G39: इतिहास | H39: यूरोपीय आगमन एवं ब्रिटिश विस्तार (भाग 2/3) | I39: पुर्तगाली, डच, फ्रांसीसी, अंग्रेज़ कंपनियाँ; कर्नाटक युद्ध; प्लासी 1757 व बक्सर 1764 (बिहार संबंध); सहायक संधि, व्यपगत सिद्धांत; भू-राजस्व व्यवस्थाएँ; आर्थिक निकास | J39: पढ़ें: यूरोपीय आगमन एवं ब्रिटिश विस्तार – NCERT इतिहास (कक्षा 6-12) • स्पेक्ट्रम आधुनिक भारत • दृष्टि IAS इतिहास नोट्स (हिंदी)। फिर स्वयं के 1-2 पृष्ठ के नोट्स + 10 फ्लैश-कार्ड बनाएँ और PDF के रूप में सहेजें ('यूरोपीय आगमन एवं ब्रिटिश विस्तार.pdf')। तैयार PDF नोट्स खोजने हेतु क्लिक करें। | K39: वेबसाइट पर पढ़ें: drishtiias.com • visionias.in • ncert.nic.in (क्लिक करें) | L39: बिहार विशेष | M39: बिहार – अर्थव्यवस्था, बजट एवं सरकारी योजनाएँ (भाग 1/7) | N39: पर्यावरण, योजनाएँ, रिपोर्ट व सूचकांक | O39: आज के विषय पर 50 MCQ (+ उससे संबंधित BPSC PYQ) | P39: कल के नोट्स दोहराएँ (30 मिनट) | Q39: 7.5 | R39: NCERT इतिहास (कक्षा 6-12) • स्पेक्ट्रम आधुनिक भारत • दृष्टि IAS इतिहास नोट्स (हिंदी) • विजन IAS PT365/क्लास नोट्स • BPSC वाला क्लास नोट्स | S39: नवीनतम बिहार आर्थिक सर्वेक्षण व बजट • BPSC वाला बिहार विशेष • दृष्टि IAS बिहार विशेष (हिंदी) • राज्य सरकार के पोर्टल • बिहार सामान्य ज्ञान पुस्तक (लूसेंट/प्रभात) | T39: ▶ दृष्टि IAS | U39: ▶ BPSC वाला | V39: ▶ BPSC वाला | W39: शुरू नहीं हुआ | Y39: 📖 पढ़ें: दृष्टि • विजन • NCERT • जागरण जोश • GKToday
A40: 35 | B40: =सारांश!$B$4+A40-1 -> 46375 | C40: =CHOOSE(WEEKDAY(B40,2),"सोमवार","मंगलवार","बुधवार","गुरुवार","शुक्रवार","शनिवार","रविवार") -> शनिवार | D40: =IF(A40=1,0,INT((A40-2)/7)+1) -> 5 | E40: =(YEAR(B40)-YEAR(सारांश!$B$4))*12+MONTH(B40)-MONTH(सारांश!$B$4)+IF(DAY(B40)>=DAY(सारांश!$B$4),1,0) -> 2 | F40: चरण 1: आधार निर्माण (प्रथम अध्ययन) | G40: इतिहास | H40: यूरोपीय आगमन एवं ब्रिटिश विस्तार (भाग 3/3) | I40: पुर्तगाली, डच, फ्रांसीसी, अंग्रेज़ कंपनियाँ; कर्नाटक युद्ध; प्लासी 1757 व बक्सर 1764 (बिहार संबंध); सहायक संधि, व्यपगत सिद्धांत; भू-राजस्व व्यवस्थाएँ; आर्थिक निकास | J40: पढ़ें: यूरोपीय आगमन एवं ब्रिटिश विस्तार – NCERT इतिहास (कक्षा 6-12) • स्पेक्ट्रम आधुनिक भारत • दृष्टि IAS इतिहास नोट्स (हिंदी)। फिर स्वयं के 1-2 पृष्ठ के नोट्स + 10 फ्लैश-कार्ड बनाएँ और PDF के रूप में सहेजें ('यूरोपीय आगमन एवं ब्रिटिश विस्तार.pdf')। तैयार PDF नोट्स खोजने हेतु क्लिक करें। | K40: वेबसाइट पर पढ़ें: drishtiias.com • visionias.in • ncert.nic.in (क्लिक करें) | L40: बिहार विशेष | M40: बिहार – अर्थव्यवस्था, बजट एवं सरकारी योजनाएँ (भाग 2/7) | N40: साप्ताहिक करेंट अफेयर्स संकलन + 20 MCQ (दृष्टि / विजन IAS साप्ताहिक) | O40: आज के विषय पर 50 MCQ (+ उससे संबंधित BPSC PYQ) | P40: कल के नोट्स दोहराएँ (30 मिनट) | Q40: 7.5 | R40: NCERT इतिहास (कक्षा 6-12) • स्पेक्ट्रम आधुनिक भारत • दृष्टि IAS इतिहास नोट्स (हिंदी) • विजन IAS PT365/क्लास नोट्स • BPSC वाला क्लास नोट्स | S40: नवीनतम बिहार आर्थिक सर्वेक्षण व बजट • BPSC वाला बिहार विशेष • दृष्टि IAS बिहार विशेष (हिंदी) • राज्य सरकार के पोर्टल • बिहार सामान्य ज्ञान पुस्तक (लूसेंट/प्रभात) | T40: ▶ दृष्टि IAS | U40: ▶ BPSC वाला | V40: ▶ BPSC वाला | W40: शुरू नहीं हुआ | Y40: 📖 पढ़ें: दृष्टि • विजन • NCERT • जागरण जोश • GKToday
A41: 36 | B41: =सारांश!$B$4+A41-1 -> 46376 | C41: =CHOOSE(WEEKDAY(B41,2),"सोमवार","मंगलवार","बुधवार","गुरुवार","शुक्रवार","शनिवार","रविवार") -> रविवार | D41: =IF(A41=1,0,INT((A41-2)/7)+1) -> 5 | E41: =(YEAR(B41)-YEAR(सारांश!$B$4))*12+MONTH(B41)-MONTH(सारांश!$B$4)+IF(DAY(B41)>=DAY(सारांश!$B$4),1,0) -> 2 | F41: चरण 1: आधार निर्माण (प्रथम अध्ययन) | G41: टेस्ट एवं पुनरावृत्ति | H41: साप्ताहिक टेस्ट (100 MCQ, 90 मिनट) + विश्लेषण | I41: इस सप्ताह के विषय दोहराएँ: मुगल साम्राज्य; मराठा एवं क्षेत्रीय शक्तियाँ (18वीं शताब्दी); यूरोपीय आगमन एवं ब्रिटिश विस्तार। त्रुटि-लॉग अद्यतन करें; 20 कमज़ोर बिंदु सूचीबद्ध करें; संक्षिप्त नोट्स दोबारा पढ़ें। | J41: इस सप्ताह के अपने PDF/हस्तलिखित नोट्स दोबारा पढ़ें। उन्हें 1 पृष्ठ के साप्ताहिक सारांश PDF में जोड़ें (त्रुटि-लॉग + 20 कमज़ोर बिंदु)। | K41: वेबसाइट पर पढ़ें: drishtiias.com • visionias.in • pib.gov.in (क्लिक करें) | L41: पुनरावृत्ति | M41: सप्ताह के द्वितीयक/बिहार विषय दोहराएँ + साप्ताहिक करेंट अफेयर्स संकलन | N41: साप्ताहिक करेंट अफेयर्स संकलन (दृष्टि IAS / विजन IAS साप्ताहिक) + 20 MCQ | O41: लक्ष्य अंक: 55%+ (साप्ताहिक शीट में अपना स्कोर दर्ज करें) | P41: पूरे सप्ताह की पुनरावृत्ति (2 घंटे) | Q41: 6 | R41: BPSC वाला / दृष्टि IAS / विजन IAS टेस्ट सीरीज़ • BPSC के PYQ (bpsc.bihar.gov.in) | S41: स्वयं के संक्षिप्त नोट्स • त्रुटि-लॉग • साप्ताहिक करेंट अफेयर्स (दृष्टि / विजन IAS) | T41: ▶ दृष्टि IAS | U41: ▶ BPSC वाला | V41: ▶ BPSC वाला | W41: शुरू नहीं हुआ
A42: 37 | B42: =सारांश!$B$4+A42-1 -> 46377 | C42: =CHOOSE(WEEKDAY(B42,2),"सोमवार","मंगलवार","बुधवार","गुरुवार","शुक्रवार","शनिवार","रविवार") -> सोमवार | D42: =IF(A42=1,0,INT((A42-2)/7)+1) -> 6 | E42: =(YEAR(B42)-YEAR(सारांश!$B$4))*12+MONTH(B42)-MONTH(सारांश!$B$4)+IF(DAY(B42)>=DAY(सारांश!$B$4),1,0) -> 2 | F42: चरण 1: आधार निर्माण (प्रथम अध्ययन) | G42: इतिहास | H42: 1857 का विद्रोह (भाग 1/2) | I42: कारण, केंद्र व नेता (जगदीशपुर के कुँवर सिंह, रानी लक्ष्मीबाई, नाना साहब), दमन, स्वरूप, परिणाम; 1858 का अधिनियम | J42: पढ़ें: 1857 का विद्रोह – NCERT इतिहास (कक्षा 6-12) • स्पेक्ट्रम आधुनिक भारत • दृष्टि IAS इतिहास नोट्स (हिंदी)। फिर स्वयं के 1-2 पृष्ठ के नोट्स + 10 फ्लैश-कार्ड बनाएँ और PDF के रूप में सहेजें ('1857 का विद्रोह.pdf')। तैयार PDF नोट्स खोजने हेतु क्लिक करें। | K42: वेबसाइट पर पढ़ें: drishtiias.com • visionias.in • ncert.nic.in (क्लिक करें) | L42: बिहार विशेष | M42: बिहार – अर्थव्यवस्था, बजट एवं सरकारी योजनाएँ (भाग 3/7) | N42: बिहार समाचार (प्रभात खबर / दैनिक जागरण) + दृष्टि IAS दैनिक करेंट अफेयर्स | O42: आज के विषय पर 50 MCQ (+ उससे संबंधित BPSC PYQ) | P42: कल के नोट्स दोहराएँ (30 मिनट) | Q42: 7.5 | R42: NCERT इतिहास (कक्षा 6-12) • स्पेक्ट्रम आधुनिक भारत • दृष्टि IAS इतिहास नोट्स (हिंदी) • विजन IAS PT365/क्लास नोट्स • BPSC वाला क्लास नोट्स | S42: नवीनतम बिहार आर्थिक सर्वेक्षण व बजट • BPSC वाला बिहार विशेष • दृष्टि IAS बिहार विशेष (हिंदी) • राज्य सरकार के पोर्टल • बिहार सामान्य ज्ञान पुस्तक (लूसेंट/प्रभात) | T42: ▶ दृष्टि IAS | U42: ▶ BPSC वाला | V42: ▶ BPSC वाला | W42: शुरू नहीं हुआ | Y42: 📖 पढ़ें: दृष्टि • विजन • NCERT • जागरण जोश • GKToday
A43: 38 | B43: =सारांश!$B$4+A43-1 -> 46378 | C43: =CHOOSE(WEEKDAY(B43,2),"सोमवार","मंगलवार","बुधवार","गुरुवार","शुक्रवार","शनिवार","रविवार") -> मंगलवार | D43: =IF(A43=1,0,INT((A43-2)/7)+1) -> 6 | E43: =(YEAR(B43)-YEAR(सारांश!$B$4))*12+MONTH(B43)-MONTH(सारांश!$B$4)+IF(DAY(B43)>=DAY(सारांश!$B$4),1,0) -> 2 | F43: चरण 1: आधार निर्माण (प्रथम अध्ययन) | G43: इतिहास | H43: 1857 का विद्रोह (भाग 2/2) | I43: कारण, केंद्र व नेता (जगदीशपुर के कुँवर सिंह, रानी लक्ष्मीबाई, नाना साहब), दमन, स्वरूप, परिणाम; 1858 का अधिनियम | J43: पढ़ें: 1857 का विद्रोह – NCERT इतिहास (कक्षा 6-12) • स्पेक्ट्रम आधुनिक भारत • दृष्टि IAS इतिहास नोट्स (हिंदी)। फिर स्वयं के 1-2 पृष्ठ के नोट्स + 10 फ्लैश-कार्ड बनाएँ और PDF के रूप में सहेजें ('1857 का विद्रोह.pdf')। तैयार PDF नोट्स खोजने हेतु क्लिक करें। | K43: वेबसाइट पर पढ़ें: drishtiias.com • visionias.in • ncert.nic.in (क्लिक करें) | L43: बिहार विशेष | M43: बिहार – अर्थव्यवस्था, बजट एवं सरकारी योजनाएँ (भाग 4/7) | N43: राजव्यवस्था, शासन व अर्थव्यवस्था के समाचार (द हिंदू / दृष्टि IAS) | O43: आज के विषय पर 50 MCQ (+ उससे संबंधित BPSC PYQ) | P43: कल के नोट्स दोहराएँ (30 मिनट) | Q43: 7.5 | R43: NCERT इतिहास (कक्षा 6-12) • स्पेक्ट्रम आधुनिक भारत • दृष्टि IAS इतिहास नोट्स (हिंदी) • विजन IAS PT365/क्लास नोट्स • BPSC वाला क्लास नोट्स | S43: नवीनतम बिहार आर्थिक सर्वेक्षण व बजट • BPSC वाला बिहार विशेष • दृष्टि IAS बिहार विशेष (हिंदी) • राज्य सरकार के पोर्टल • बिहार सामान्य ज्ञान पुस्तक (लूसेंट/प्रभात) | T43: ▶ दृष्टि IAS | U43: ▶ BPSC वाला | V43: ▶ BPSC वाला | W43: शुरू नहीं हुआ | Y43: 📖 पढ़ें: दृष्टि • विजन • NCERT • जागरण जोश • GKToday
A44: 39 | B44: =सारांश!$B$4+A44-1 -> 46379 | C44: =CHOOSE(WEEKDAY(B44,2),"सोमवार","मंगलवार","बुधवार","गुरुवार","शुक्रवार","शनिवार","रविवार") -> बुधवार | D44: =IF(A44=1,0,INT((A44-2)/7)+1) -> 6 | E44: =(YEAR(B44)-YEAR(सारांश!$B$4))*12+MONTH(B44)-MONTH(सारांश!$B$4)+IF(DAY(B44)>=DAY(सारांश!$B$4),1,0) -> 2 | F44: चरण 1: आधार निर्माण (प्रथम अध्ययन) | G44: इतिहास | H44: सामाजिक-धार्मिक सुधार आंदोलन | I44: ब्रह्म समाज, आर्य समाज, रामकृष्ण मिशन, अलीगढ़, सिंह सभा, थियोसोफी; फुले, अंबेडकर, पेरियार; महिला व जाति सुधार; प्रेस व शिक्षा | J44: पढ़ें: सामाजिक-धार्मिक सुधार आंदोलन – NCERT इतिहास (कक्षा 6-12) • स्पेक्ट्रम आधुनिक भारत • दृष्टि IAS इतिहास नोट्स (हिंदी)। फिर स्वयं के 1-2 पृष्ठ के नोट्स + 10 फ्लैश-कार्ड बनाएँ और PDF के रूप में सहेजें ('सामाजिक-धार्मिक सुधार आंदोलन.pdf')। तैयार PDF नोट्स खोजने हेतु क्लिक करें। | K44: वेबसाइट पर पढ़ें: drishtiias.com • visionias.in • ncert.nic.in (क्लिक करें) | L44: बिहार विशेष | M44: बिहार – अर्थव्यवस्था, बजट एवं सरकारी योजनाएँ (भाग 5/7) | N44: विज्ञान-प्रौद्योगिकी, अंतरिक्ष व रक्षा समाचार | O44: आज के विषय पर 50 MCQ (+ उससे संबंधित BPSC PYQ) | P44: कल के नोट्स दोहराएँ (30 मिनट) | Q44: 7.5 | R44: NCERT इतिहास (कक्षा 6-12) • स्पेक्ट्रम आधुनिक भारत • दृष्टि IAS इतिहास नोट्स (हिंदी) • विजन IAS PT365/क्लास नोट्स • BPSC वाला क्लास नोट्स | S44: नवीनतम बिहार आर्थिक सर्वेक्षण व बजट • BPSC वाला बिहार विशेष • दृष्टि IAS बिहार विशेष (हिंदी) • राज्य सरकार के पोर्टल • बिहार सामान्य ज्ञान पुस्तक (लूसेंट/प्रभात) | T44: ▶ दृष्टि IAS | U44: ▶ BPSC वाला | V44: ▶ BPSC वाला | W44: शुरू नहीं हुआ | Y44: 📖 पढ़ें: दृष्टि • विजन • NCERT • जागरण जोश • GKToday
A45: 40 | B45: =सारांश!$B$4+A45-1 -> 46380 | C45: =CHOOSE(WEEKDAY(B45,2),"सोमवार","मंगलवार","बुधवार","गुरुवार","शुक्रवार","शनिवार","रविवार") -> गुरुवार | D45: =IF(A45=1,0,INT((A45-2)/7)+1) -> 6 | E45: =(YEAR(B45)-YEAR(सारांश!$B$4))*12+MONTH(B45)-MONTH(सारांश!$B$4)+IF(DAY(B45)>=DAY(सारांश!$B$4),1,0) -> 2 | F45: चरण 1: आधार निर्माण (प्रथम अध्ययन) | G45: इतिहास | H45: प्रारंभिक राष्ट्रवाद: कांग्रेस, नरमपंथी, गरमपंथी, स्वदेशी (भाग 1/3) | I45: 1885 में कांग्रेस की स्थापना; नरमपंथी बनाम गरमपंथी; 1905 बंग-भंग व स्वदेशी; सूरत विभाजन; मॉर्ले-मिंटो; होमरूल; लखनऊ समझौता | J45: पढ़ें: प्रारंभिक राष्ट्रवाद: कांग्रेस, नरमपंथी, गरमपंथी, स्वदेशी – NCERT इतिहास (कक्षा 6-12) • स्पेक्ट्रम आधुनिक भारत • दृष्टि IAS इतिहास नोट्स (हिंदी)। फिर स्वयं के 1-2 पृष्ठ के नोट्स + 10 फ्लैश-कार्ड बनाएँ और PDF के रूप में सहेजें ('प्रारंभिक राष्ट्रवाद कांग्रेस,.pdf')। तैयार PDF नोट्स खोजने हेतु क्लिक करें। | K45: वेबसाइट पर पढ़ें: drishtiias.com • visionias.in • ncert.nic.in (क्लिक करें) | L45: बिहार विशेष | M45: बिहार – अर्थव्यवस्था, बजट एवं सरकारी योजनाएँ (भाग 6/7) | N45: अंतर्राष्ट्रीय संबंध, शिखर सम्मेलन व भारत के पड़ोसी | O45: आज के विषय पर 50 MCQ (+ उससे संबंधित BPSC PYQ) | P45: कल के नोट्स दोहराएँ (30 मिनट) | Q45: 7.5 | R45: NCERT इतिहास (कक्षा 6-12) • स्पेक्ट्रम आधुनिक भारत • दृष्टि IAS इतिहास नोट्स (हिंदी) • विजन IAS PT365/क्लास नोट्स • BPSC वाला क्लास नोट्स | S45: नवीनतम बिहार आर्थिक सर्वेक्षण व बजट • BPSC वाला बिहार विशेष • दृष्टि IAS बिहार विशेष (हिंदी) • राज्य सरकार के पोर्टल • बिहार सामान्य ज्ञान पुस्तक (लूसेंट/प्रभात) | T45: ▶ दृष्टि IAS | U45: ▶ BPSC वाला | V45: ▶ BPSC वाला | W45: शुरू नहीं हुआ | Y45: 📖 पढ़ें: दृष्टि • विजन • NCERT • जागरण जोश • GKToday
A46: 41 | B46: =सारांश!$B$4+A46-1 -> 46381 | C46: =CHOOSE(WEEKDAY(B46,2),"सोमवार","मंगलवार","बुधवार","गुरुवार","शुक्रवार","शनिवार","रविवार") -> शुक्रवार | D46: =IF(A46=1,0,INT((A46-2)/7)+1) -> 6 | E46: =(YEAR(B46)-YEAR(सारांश!$B$4))*12+MONTH(B46)-MONTH(सारांश!$B$4)+IF(DAY(B46)>=DAY(सारांश!$B$4),1,0) -> 2 | F46: चरण 1: आधार निर्माण (प्रथम अध्ययन) | G46: इतिहास | H46: प्रारंभिक राष्ट्रवाद: कांग्रेस, नरमपंथी, गरमपंथी, स्वदेशी (भाग 2/3) | I46: 1885 में कांग्रेस की स्थापना; नरमपंथी बनाम गरमपंथी; 1905 बंग-भंग व स्वदेशी; सूरत विभाजन; मॉर्ले-मिंटो; होमरूल; लखनऊ समझौता | J46: पढ़ें: प्रारंभिक राष्ट्रवाद: कांग्रेस, नरमपंथी, गरमपंथी, स्वदेशी – NCERT इतिहास (कक्षा 6-12) • स्पेक्ट्रम आधुनिक भारत • दृष्टि IAS इतिहास नोट्स (हिंदी)। फिर स्वयं के 1-2 पृष्ठ के नोट्स + 10 फ्लैश-कार्ड बनाएँ और PDF के रूप में सहेजें ('प्रारंभिक राष्ट्रवाद कांग्रेस,.pdf')। तैयार PDF नोट्स खोजने हेतु क्लिक करें। | K46: वेबसाइट पर पढ़ें: drishtiias.com • visionias.in • ncert.nic.in (क्लिक करें) | L46: बिहार विशेष | M46: बिहार – अर्थव्यवस्था, बजट एवं सरकारी योजनाएँ (भाग 7/7) | N46: पर्यावरण, योजनाएँ, रिपोर्ट व सूचकांक | O46: आज के विषय पर 50 MCQ (+ उससे संबंधित BPSC PYQ) | P46: कल के नोट्स दोहराएँ (30 मिनट) | Q46: 7.5 | R46: NCERT इतिहास (कक्षा 6-12) • स्पेक्ट्रम आधुनिक भारत • दृष्टि IAS इतिहास नोट्स (हिंदी) • विजन IAS PT365/क्लास नोट्स • BPSC वाला क्लास नोट्स | S46: नवीनतम बिहार आर्थिक सर्वेक्षण व बजट • BPSC वाला बिहार विशेष • दृष्टि IAS बिहार विशेष (हिंदी) • राज्य सरकार के पोर्टल • बिहार सामान्य ज्ञान पुस्तक (लूसेंट/प्रभात) | T46: ▶ दृष्टि IAS | U46: ▶ BPSC वाला | V46: ▶ BPSC वाला | W46: शुरू नहीं हुआ | Y46: 📖 पढ़ें: दृष्टि • विजन • NCERT • जागरण जोश • GKToday
A47: 42 | B47: =सारांश!$B$4+A47-1 -> 46382 | C47: =CHOOSE(WEEKDAY(B47,2),"सोमवार","मंगलवार","बुधवार","गुरुवार","शुक्रवार","शनिवार","रविवार") -> शनिवार | D47: =IF(A47=1,0,INT((A47-2)/7)+1) -> 6 | E47: =(YEAR(B47)-YEAR(सारांश!$B$4))*12+MONTH(B47)-MONTH(सारांश!$B$4)+IF(DAY(B47)>=DAY(सारांश!$B$4),1,0) -> 2 | F47: चरण 1: आधार निर्माण (प्रथम अध्ययन) | G47: इतिहास | H47: प्रारंभिक राष्ट्रवाद: कांग्रेस, नरमपंथी, गरमपंथी, स्वदेशी (भाग 3/3) | I47: 1885 में कांग्रेस की स्थापना; नरमपंथी बनाम गरमपंथी; 1905 बंग-भंग व स्वदेशी; सूरत विभाजन; मॉर्ले-मिंटो; होमरूल; लखनऊ समझौता | J47: पढ़ें: प्रारंभिक राष्ट्रवाद: कांग्रेस, नरमपंथी, गरमपंथी, स्वदेशी – NCERT इतिहास (कक्षा 6-12) • स्पेक्ट्रम आधुनिक भारत • दृष्टि IAS इतिहास नोट्स (हिंदी)। फिर स्वयं के 1-2 पृष्ठ के नोट्स + 10 फ्लैश-कार्ड बनाएँ और PDF के रूप में सहेजें ('प्रारंभिक राष्ट्रवाद कांग्रेस,.pdf')। तैयार PDF नोट्स खोजने हेतु क्लिक करें। | K47: वेबसाइट पर पढ़ें: drishtiias.com • visionias.in • ncert.nic.in (क्लिक करें) | L47: बिहार विशेष | M47: बिहार – राजव्यवस्था एवं प्रशासन (भाग 1/5) | N47: साप्ताहिक करेंट अफेयर्स संकलन + 20 MCQ (दृष्टि / विजन IAS साप्ताहिक) | O47: आज के विषय पर 50 MCQ (+ उससे संबंधित BPSC PYQ) | P47: कल के नोट्स दोहराएँ (30 मिनट) | Q47: 7.5 | R47: NCERT इतिहास (कक्षा 6-12) • स्पेक्ट्रम आधुनिक भारत • दृष्टि IAS इतिहास नोट्स (हिंदी) • विजन IAS PT365/क्लास नोट्स • BPSC वाला क्लास नोट्स | S47: नवीनतम बिहार आर्थिक सर्वेक्षण व बजट • BPSC वाला बिहार विशेष • दृष्टि IAS बिहार विशेष (हिंदी) • राज्य सरकार के पोर्टल • बिहार सामान्य ज्ञान पुस्तक (लूसेंट/प्रभात) | T47: ▶ दृष्टि IAS | U47: ▶ BPSC वाला | V47: ▶ BPSC वाला | W47: शुरू नहीं हुआ | Y47: 📖 पढ़ें: दृष्टि • विजन • NCERT • जागरण जोश • GKToday
A48: 43 | B48: =सारांश!$B$4+A48-1 -> 46383 | C48: =CHOOSE(WEEKDAY(B48,2),"सोमवार","मंगलवार","बुधवार","गुरुवार","शुक्रवार","शनिवार","रविवार") -> रविवार | D48: =IF(A48=1,0,INT((A48-2)/7)+1) -> 6 | E48: =(YEAR(B48)-YEAR(सारांश!$B$4))*12+MONTH(B48)-MONTH(सारांश!$B$4)+IF(DAY(B48)>=DAY(सारांश!$B$4),1,0) -> 2 | F48: चरण 1: आधार निर्माण (प्रथम अध्ययन) | G48: टेस्ट एवं पुनरावृत्ति | H48: साप्ताहिक टेस्ट (100 MCQ, 90 मिनट) + विश्लेषण | I48: इस सप्ताह के विषय दोहराएँ: 1857 का विद्रोह; सामाजिक-धार्मिक सुधार आंदोलन; प्रारंभिक राष्ट्रवाद: कांग्रेस, नरमपंथी, गरमपंथी, स्वदेशी। त्रुटि-लॉग अद्यतन करें; 20 कमज़ोर बिंदु सूचीबद्ध करें; संक्षिप्त नोट्स दोबारा पढ़ें। | J48: इस सप्ताह के अपने PDF/हस्तलिखित नोट्स दोबारा पढ़ें। उन्हें 1 पृष्ठ के साप्ताहिक सारांश PDF में जोड़ें (त्रुटि-लॉग + 20 कमज़ोर बिंदु)। | K48: वेबसाइट पर पढ़ें: drishtiias.com • visionias.in • pib.gov.in (क्लिक करें) | L48: पुनरावृत्ति | M48: सप्ताह के द्वितीयक/बिहार विषय दोहराएँ + साप्ताहिक करेंट अफेयर्स संकलन | N48: साप्ताहिक करेंट अफेयर्स संकलन (दृष्टि IAS / विजन IAS साप्ताहिक) + 20 MCQ | O48: लक्ष्य अंक: 55%+ (साप्ताहिक शीट में अपना स्कोर दर्ज करें) | P48: पूरे सप्ताह की पुनरावृत्ति (2 घंटे) | Q48: 6 | R48: BPSC वाला / दृष्टि IAS / विजन IAS टेस्ट सीरीज़ • BPSC के PYQ (bpsc.bihar.gov.in) | S48: स्वयं के संक्षिप्त नोट्स • त्रुटि-लॉग • साप्ताहिक करेंट अफेयर्स (दृष्टि / विजन IAS) | T48: ▶ दृष्टि IAS | U48: ▶ BPSC वाला | V48: ▶ BPSC वाला | W48: शुरू नहीं हुआ
A49: 44 | B49: =सारांश!$B$4+A49-1 -> 46384 | C49: =CHOOSE(WEEKDAY(B49,2),"सोमवार","मंगलवार","बुधवार","गुरुवार","शुक्रवार","शनिवार","रविवार") -> सोमवार | D49: =IF(A49=1,0,INT((A49-2)/7)+1) -> 7 | E49: =(YEAR(B49)-YEAR(सारांश!$B$4))*12+MONTH(B49)-MONTH(सारांश!$B$4)+IF(DAY(B49)>=DAY(सारांश!$B$4),1,0) -> 2 | F49: चरण 1: आधार निर्माण (प्रथम अध्ययन) | G49: इतिहास | H49: गांधी युग: चंपारण से भारत छोड़ो तक (भाग 1/5) | I49: चंपारण 1917 (बिहार), खेड़ा, अहमदाबाद; रॉलेट, असहयोग, सविनय अवज्ञा, दांडी; गोलमेज सम्मेलन; भारत छोड़ो 1942 (बिहार की भूमिका); आज़ाद हिंद फ़ौज | J49: पढ़ें: गांधी युग: चंपारण से भारत छोड़ो तक – NCERT इतिहास (कक्षा 6-12) • स्पेक्ट्रम आधुनिक भारत • दृष्टि IAS इतिहास नोट्स (हिंदी)। फिर स्वयं के 1-2 पृष्ठ के नोट्स + 10 फ्लैश-कार्ड बनाएँ और PDF के रूप में सहेजें ('गांधी युग चंपारण से भारत छोड़ो.pdf')। तैयार PDF नोट्स खोजने हेतु क्लिक करें। | K49: वेबसाइट पर पढ़ें: drishtiias.com • visionias.in • ncert.nic.in (क्लिक करें) | L49: बिहार विशेष | M49: बिहार – राजव्यवस्था एवं प्रशासन (भाग 2/5) | N49: बिहार समाचार (प्रभात खबर / दैनिक जागरण) + दृष्टि IAS दैनिक करेंट अफेयर्स | O49: आज के विषय पर 50 MCQ (+ उससे संबंधित BPSC PYQ) | P49: कल के नोट्स दोहराएँ (30 मिनट) | Q49: 7.5 | R49: NCERT इतिहास (कक्षा 6-12) • स्पेक्ट्रम आधुनिक भारत • दृष्टि IAS इतिहास नोट्स (हिंदी) • विजन IAS PT365/क्लास नोट्स • BPSC वाला क्लास नोट्स | S49: नवीनतम बिहार आर्थिक सर्वेक्षण व बजट • BPSC वाला बिहार विशेष • दृष्टि IAS बिहार विशेष (हिंदी) • राज्य सरकार के पोर्टल • बिहार सामान्य ज्ञान पुस्तक (लूसेंट/प्रभात) | T49: ▶ दृष्टि IAS | U49: ▶ BPSC वाला | V49: ▶ BPSC वाला | W49: शुरू नहीं हुआ | Y49: 📖 पढ़ें: दृष्टि • विजन • NCERT • जागरण जोश • GKToday
A50: 45 | B50: =सारांश!$B$4+A50-1 -> 46385 | C50: =CHOOSE(WEEKDAY(B50,2),"सोमवार","मंगलवार","बुधवार","गुरुवार","शुक्रवार","शनिवार","रविवार") -> मंगलवार | D50: =IF(A50=1,0,INT((A50-2)/7)+1) -> 7 | E50: =(YEAR(B50)-YEAR(सारांश!$B$4))*12+MONTH(B50)-MONTH(सारांश!$B$4)+IF(DAY(B50)>=DAY(सारांश!$B$4),1,0) -> 2 | F50: चरण 1: आधार निर्माण (प्रथम अध्ययन) | G50: इतिहास | H50: गांधी युग: चंपारण से भारत छोड़ो तक (भाग 2/5) | I50: चंपारण 1917 (बिहार), खेड़ा, अहमदाबाद; रॉलेट, असहयोग, सविनय अवज्ञा, दांडी; गोलमेज सम्मेलन; भारत छोड़ो 1942 (बिहार की भूमिका); आज़ाद हिंद फ़ौज | J50: पढ़ें: गांधी युग: चंपारण से भारत छोड़ो तक – NCERT इतिहास (कक्षा 6-12) • स्पेक्ट्रम आधुनिक भारत • दृष्टि IAS इतिहास नोट्स (हिंदी)। फिर स्वयं के 1-2 पृष्ठ के नोट्स + 10 फ्लैश-कार्ड बनाएँ और PDF के रूप में सहेजें ('गांधी युग चंपारण से भारत छोड़ो.pdf')। तैयार PDF नोट्स खोजने हेतु क्लिक करें। | K50: वेबसाइट पर पढ़ें: drishtiias.com • visionias.in • ncert.nic.in (क्लिक करें) | L50: बिहार विशेष | M50: बिहार – राजव्यवस्था एवं प्रशासन (भाग 3/5) | N50: राजव्यवस्था, शासन व अर्थव्यवस्था के समाचार (द हिंदू / दृष्टि IAS) | O50: आज के विषय पर 50 MCQ (+ उससे संबंधित BPSC PYQ) | P50: कल के नोट्स दोहराएँ (30 मिनट) | Q50: 7.5 | R50: NCERT इतिहास (कक्षा 6-12) • स्पेक्ट्रम आधुनिक भारत • दृष्टि IAS इतिहास नोट्स (हिंदी) • विजन IAS PT365/क्लास नोट्स • BPSC वाला क्लास नोट्स | S50: नवीनतम बिहार आर्थिक सर्वेक्षण व बजट • BPSC वाला बिहार विशेष • दृष्टि IAS बिहार विशेष (हिंदी) • राज्य सरकार के पोर्टल • बिहार सामान्य ज्ञान पुस्तक (लूसेंट/प्रभात) | T50: ▶ दृष्टि IAS | U50: ▶ BPSC वाला | V50: ▶ BPSC वाला | W50: शुरू नहीं हुआ | Y50: 📖 पढ़ें: दृष्टि • विजन • NCERT • जागरण जोश • GKToday
A51: 46 | B51: =सारांश!$B$4+A51-1 -> 46386 | C51: =CHOOSE(WEEKDAY(B51,2),"सोमवार","मंगलवार","बुधवार","गुरुवार","शुक्रवार","शनिवार","रविवार") -> बुधवार | D51: =IF(A51=1,0,INT((A51-2)/7)+1) -> 7 | E51: =(YEAR(B51)-YEAR(सारांश!$B$4))*12+MONTH(B51)-MONTH(सारांश!$B$4)+IF(DAY(B51)>=DAY(सारांश!$B$4),1,0) -> 2 | F51: चरण 1: आधार निर्माण (प्रथम अध्ययन) | G51: इतिहास | H51: गांधी युग: चंपारण से भारत छोड़ो तक (भाग 3/5) | I51: चंपारण 1917 (बिहार), खेड़ा, अहमदाबाद; रॉलेट, असहयोग, सविनय अवज्ञा, दांडी; गोलमेज सम्मेलन; भारत छोड़ो 1942 (बिहार की भूमिका); आज़ाद हिंद फ़ौज | J51: पढ़ें: गांधी युग: चंपारण से भारत छोड़ो तक – NCERT इतिहास (कक्षा 6-12) • स्पेक्ट्रम आधुनिक भारत • दृष्टि IAS इतिहास नोट्स (हिंदी)। फिर स्वयं के 1-2 पृष्ठ के नोट्स + 10 फ्लैश-कार्ड बनाएँ और PDF के रूप में सहेजें ('गांधी युग चंपारण से भारत छोड़ो.pdf')। तैयार PDF नोट्स खोजने हेतु क्लिक करें। | K51: वेबसाइट पर पढ़ें: drishtiias.com • visionias.in • ncert.nic.in (क्लिक करें) | L51: बिहार विशेष | M51: बिहार – राजव्यवस्था एवं प्रशासन (भाग 4/5) | N51: विज्ञान-प्रौद्योगिकी, अंतरिक्ष व रक्षा समाचार | O51: आज के विषय पर 50 MCQ (+ उससे संबंधित BPSC PYQ) | P51: कल के नोट्स दोहराएँ (30 मिनट) | Q51: 7.5 | R51: NCERT इतिहास (कक्षा 6-12) • स्पेक्ट्रम आधुनिक भारत • दृष्टि IAS इतिहास नोट्स (हिंदी) • विजन IAS PT365/क्लास नोट्स • BPSC वाला क्लास नोट्स | S51: नवीनतम बिहार आर्थिक सर्वेक्षण व बजट • BPSC वाला बिहार विशेष • दृष्टि IAS बिहार विशेष (हिंदी) • राज्य सरकार के पोर्टल • बिहार सामान्य ज्ञान पुस्तक (लूसेंट/प्रभात) | T51: ▶ दृष्टि IAS | U51: ▶ BPSC वाला | V51: ▶ BPSC वाला | W51: शुरू नहीं हुआ | Y51: 📖 पढ़ें: दृष्टि • विजन • NCERT • जागरण जोश • GKToday
A52: 47 | B52: =सारांश!$B$4+A52-1 -> 46387 | C52: =CHOOSE(WEEKDAY(B52,2),"सोमवार","मंगलवार","बुधवार","गुरुवार","शुक्रवार","शनिवार","रविवार") -> गुरुवार | D52: =IF(A52=1,0,INT((A52-2)/7)+1) -> 7 | E52: =(YEAR(B52)-YEAR(सारांश!$B$4))*12+MONTH(B52)-MONTH(सारांश!$B$4)+IF(DAY(B52)>=DAY(सारांश!$B$4),1,0) -> 2 | F52: चरण 1: आधार निर्माण (प्रथम अध्ययन) | G52: इतिहास | H52: गांधी युग: चंपारण से भारत छोड़ो तक (भाग 4/5) | I52: चंपारण 1917 (बिहार), खेड़ा, अहमदाबाद; रॉलेट, असहयोग, सविनय अवज्ञा, दांडी; गोलमेज सम्मेलन; भारत छोड़ो 1942 (बिहार की भूमिका); आज़ाद हिंद फ़ौज | J52: पढ़ें: गांधी युग: चंपारण से भारत छोड़ो तक – NCERT इतिहास (कक्षा 6-12) • स्पेक्ट्रम आधुनिक भारत • दृष्टि IAS इतिहास नोट्स (हिंदी)। फिर स्वयं के 1-2 पृष्ठ के नोट्स + 10 फ्लैश-कार्ड बनाएँ और PDF के रूप में सहेजें ('गांधी युग चंपारण से भारत छोड़ो.pdf')। तैयार PDF नोट्स खोजने हेतु क्लिक करें। | K52: वेबसाइट पर पढ़ें: drishtiias.com • visionias.in • ncert.nic.in (क्लिक करें) | L52: बिहार विशेष | M52: बिहार – राजव्यवस्था एवं प्रशासन (भाग 5/5) | N52: अंतर्राष्ट्रीय संबंध, शिखर सम्मेलन व भारत के पड़ोसी | O52: आज के विषय पर 50 MCQ (+ उससे संबंधित BPSC PYQ) | P52: कल के नोट्स दोहराएँ (30 मिनट) | Q52: 7.5 | R52: NCERT इतिहास (कक्षा 6-12) • स्पेक्ट्रम आधुनिक भारत • दृष्टि IAS इतिहास नोट्स (हिंदी) • विजन IAS PT365/क्लास नोट्स • BPSC वाला क्लास नोट्स | S52: नवीनतम बिहार आर्थिक सर्वेक्षण व बजट • BPSC वाला बिहार विशेष • दृष्टि IAS बिहार विशेष (हिंदी) • राज्य सरकार के पोर्टल • बिहार सामान्य ज्ञान पुस्तक (लूसेंट/प्रभात) | T52: ▶ दृष्टि IAS | U52: ▶ BPSC वाला | V52: ▶ BPSC वाला | W52: शुरू नहीं हुआ | Y52: 📖 पढ़ें: दृष्टि • विजन • NCERT • जागरण जोश • GKToday
A53: 48 | B53: =सारांश!$B$4+A53-1 -> 46388 | C53: =CHOOSE(WEEKDAY(B53,2),"सोमवार","मंगलवार","बुधवार","गुरुवार","शुक्रवार","शनिवार","रविवार") -> शुक्रवार | D53: =IF(A53=1,0,INT((A53-2)/7)+1) -> 7 | E53: =(YEAR(B53)-YEAR(सारांश!$B$4))*12+MONTH(B53)-MONTH(सारांश!$B$4)+IF(DAY(B53)>=DAY(सारांश!$B$4),1,0) -> 2 | F53: चरण 1: आधार निर्माण (प्रथम अध्ययन) | G53: इतिहास | H53: गांधी युग: चंपारण से भारत छोड़ो तक (भाग 5/5) | I53: चंपारण 1917 (बिहार), खेड़ा, अहमदाबाद; रॉलेट, असहयोग, सविनय अवज्ञा, दांडी; गोलमेज सम्मेलन; भारत छोड़ो 1942 (बिहार की भूमिका); आज़ाद हिंद फ़ौज | J53: पढ़ें: गांधी युग: चंपारण से भारत छोड़ो तक – NCERT इतिहास (कक्षा 6-12) • स्पेक्ट्रम आधुनिक भारत • दृष्टि IAS इतिहास नोट्स (हिंदी)। फिर स्वयं के 1-2 पृष्ठ के नोट्स + 10 फ्लैश-कार्ड बनाएँ और PDF के रूप में सहेजें ('गांधी युग चंपारण से भारत छोड़ो.pdf')। तैयार PDF नोट्स खोजने हेतु क्लिक करें। | K53: वेबसाइट पर पढ़ें: drishtiias.com • visionias.in • ncert.nic.in (क्लिक करें) | L53: बिहार विशेष | M53: बिहार – कला, संस्कृति, साहित्य एवं पर्यटन (भाग 1/5) | N53: पर्यावरण, योजनाएँ, रिपोर्ट व सूचकांक | O53: आज के विषय पर 50 MCQ (+ उससे संबंधित BPSC PYQ) | P53: कल के नोट्स दोहराएँ (30 मिनट) | Q53: 7.5 | R53: NCERT इतिहास (कक्षा 6-12) • स्पेक्ट्रम आधुनिक भारत • दृष्टि IAS इतिहास नोट्स (हिंदी) • विजन IAS PT365/क्लास नोट्स • BPSC वाला क्लास नोट्स | S53: नवीनतम बिहार आर्थिक सर्वेक्षण व बजट • BPSC वाला बिहार विशेष • दृष्टि IAS बिहार विशेष (हिंदी) • राज्य सरकार के पोर्टल • बिहार सामान्य ज्ञान पुस्तक (लूसेंट/प्रभात) | T53: ▶ दृष्टि IAS | U53: ▶ BPSC वाला | V53: ▶ BPSC वाला | W53: शुरू नहीं हुआ | Y53: 📖 पढ़ें: दृष्टि • विजन • NCERT • जागरण जोश • GKToday
A54: 49 | B54: =सारांश!$B$4+A54-1 -> 46389 | C54: =CHOOSE(WEEKDAY(B54,2),"सोमवार","मंगलवार","बुधवार","गुरुवार","शुक्रवार","शनिवार","रविवार") -> शनिवार | D54: =IF(A54=1,0,INT((A54-2)/7)+1) -> 7 | E54: =(YEAR(B54)-YEAR(सारांश!$B$4))*12+MONTH(B54)-MONTH(सारांश!$B$4)+IF(DAY(B54)>=DAY(सारांश!$B$4),1,0) -> 2 | F54: चरण 1: आधार निर्माण (प्रथम अध्ययन) | G54: इतिहास | H54: क्रांतिकारी आंदोलन, संवैधानिक विकास एवं विभाजन (भाग 1/3) | I54: क्रांतिकारी संगठन (HSRA, गदर); 1773–1935 के अधिनियम; क्रिप्स, कैबिनेट मिशन, माउंटबेटन योजना; विभाजन व स्वतंत्रता 1947 | J54: पढ़ें: क्रांतिकारी आंदोलन, संवैधानिक विकास एवं विभाजन – NCERT इतिहास (कक्षा 6-12) • स्पेक्ट्रम आधुनिक भारत • दृष्टि IAS इतिहास नोट्स (हिंदी)। फिर स्वयं के 1-2 पृष्ठ के नोट्स + 10 फ्लैश-कार्ड बनाएँ और PDF के रूप में सहेजें ('क्रांतिकारी आंदोलन, संवैधानिक.pdf')। तैयार PDF नोट्स खोजने हेतु क्लिक करें। | K54: वेबसाइट पर पढ़ें: drishtiias.com • visionias.in • ncert.nic.in (क्लिक करें) | L54: बिहार विशेष | M54: बिहार – कला, संस्कृति, साहित्य एवं पर्यटन (भाग 2/5) | N54: साप्ताहिक करेंट अफेयर्स संकलन + 20 MCQ (दृष्टि / विजन IAS साप्ताहिक) | O54: आज के विषय पर 50 MCQ (+ उससे संबंधित BPSC PYQ) | P54: कल के नोट्स दोहराएँ (30 मिनट) | Q54: 7.5 | R54: NCERT इतिहास (कक्षा 6-12) • स्पेक्ट्रम आधुनिक भारत • दृष्टि IAS इतिहास नोट्स (हिंदी) • विजन IAS PT365/क्लास नोट्स • BPSC वाला क्लास नोट्स | S54: नवीनतम बिहार आर्थिक सर्वेक्षण व बजट • BPSC वाला बिहार विशेष • दृष्टि IAS बिहार विशेष (हिंदी) • राज्य सरकार के पोर्टल • बिहार सामान्य ज्ञान पुस्तक (लूसेंट/प्रभात) | T54: ▶ दृष्टि IAS | U54: ▶ BPSC वाला | V54: ▶ BPSC वाला | W54: शुरू नहीं हुआ | Y54: 📖 पढ़ें: दृष्टि • विजन • NCERT • जागरण जोश • GKToday
A55: 50 | B55: =सारांश!$B$4+A55-1 -> 46390 | C55: =CHOOSE(WEEKDAY(B55,2),"सोमवार","मंगलवार","बुधवार","गुरुवार","शुक्रवार","शनिवार","रविवार") -> रविवार | D55: =IF(A55=1,0,INT((A55-2)/7)+1) -> 7 | E55: =(YEAR(B55)-YEAR(सारांश!$B$4))*12+MONTH(B55)-MONTH(सारांश!$B$4)+IF(DAY(B55)>=DAY(सारांश!$B$4),1,0) -> 2 | F55: चरण 1: आधार निर्माण (प्रथम अध्ययन) | G55: टेस्ट एवं पुनरावृत्ति | H55: साप्ताहिक टेस्ट (100 MCQ, 90 मिनट) + विश्लेषण | I55: इस सप्ताह के विषय दोहराएँ: गांधी युग: चंपारण से भारत छोड़ो तक; क्रांतिकारी आंदोलन, संवैधानिक विकास एवं विभाजन। त्रुटि-लॉग अद्यतन करें; 20 कमज़ोर बिंदु सूचीबद्ध करें; संक्षिप्त नोट्स दोबारा पढ़ें। | J55: इस सप्ताह के अपने PDF/हस्तलिखित नोट्स दोबारा पढ़ें। उन्हें 1 पृष्ठ के साप्ताहिक सारांश PDF में जोड़ें (त्रुटि-लॉग + 20 कमज़ोर बिंदु)। | K55: वेबसाइट पर पढ़ें: drishtiias.com • visionias.in • pib.gov.in (क्लिक करें) | L55: पुनरावृत्ति | M55: सप्ताह के द्वितीयक/बिहार विषय दोहराएँ + साप्ताहिक करेंट अफेयर्स संकलन | N55: साप्ताहिक करेंट अफेयर्स संकलन (दृष्टि IAS / विजन IAS साप्ताहिक) + 20 MCQ | O55: लक्ष्य अंक: 55%+ (साप्ताहिक शीट में अपना स्कोर दर्ज करें) | P55: पूरे सप्ताह की पुनरावृत्ति (2 घंटे) | Q55: 6 | R55: BPSC वाला / दृष्टि IAS / विजन IAS टेस्ट सीरीज़ • BPSC के PYQ (bpsc.bihar.gov.in) | S55: स्वयं के संक्षिप्त नोट्स • त्रुटि-लॉग • साप्ताहिक करेंट अफेयर्स (दृष्टि / विजन IAS) | T55: ▶ दृष्टि IAS | U55: ▶ BPSC वाला | V55: ▶ BPSC वाला | W55: शुरू नहीं हुआ
A56: 51 | B56: =सारांश!$B$4+A56-1 -> 46391 | C56: =CHOOSE(WEEKDAY(B56,2),"सोमवार","मंगलवार","बुधवार","गुरुवार","शुक्रवार","शनिवार","रविवार") -> सोमवार | D56: =IF(A56=1,0,INT((A56-2)/7)+1) -> 8 | E56: =(YEAR(B56)-YEAR(सारांश!$B$4))*12+MONTH(B56)-MONTH(सारांश!$B$4)+IF(DAY(B56)>=DAY(सारांश!$B$4),1,0) -> 2 | F56: चरण 1: आधार निर्माण (प्रथम अध्ययन) | G56: इतिहास | H56: क्रांतिकारी आंदोलन, संवैधानिक विकास एवं विभाजन (भाग 2/3) | I56: क्रांतिकारी संगठन (HSRA, गदर); 1773–1935 के अधिनियम; क्रिप्स, कैबिनेट मिशन, माउंटबेटन योजना; विभाजन व स्वतंत्रता 1947 | J56: पढ़ें: क्रांतिकारी आंदोलन, संवैधानिक विकास एवं विभाजन – NCERT इतिहास (कक्षा 6-12) • स्पेक्ट्रम आधुनिक भारत • दृष्टि IAS इतिहास नोट्स (हिंदी)। फिर स्वयं के 1-2 पृष्ठ के नोट्स + 10 फ्लैश-कार्ड बनाएँ और PDF के रूप में सहेजें ('क्रांतिकारी आंदोलन, संवैधानिक.pdf')। तैयार PDF नोट्स खोजने हेतु क्लिक करें। | K56: वेबसाइट पर पढ़ें: drishtiias.com • visionias.in • ncert.nic.in (क्लिक करें) | L56: बिहार विशेष | M56: बिहार – कला, संस्कृति, साहित्य एवं पर्यटन (भाग 3/5) | N56: बिहार समाचार (प्रभात खबर / दैनिक जागरण) + दृष्टि IAS दैनिक करेंट अफेयर्स | O56: आज के विषय पर 50 MCQ (+ उससे संबंधित BPSC PYQ) | P56: कल के नोट्स दोहराएँ (30 मिनट) | Q56: 7.5 | R56: NCERT इतिहास (कक्षा 6-12) • स्पेक्ट्रम आधुनिक भारत • दृष्टि IAS इतिहास नोट्स (हिंदी) • विजन IAS PT365/क्लास नोट्स • BPSC वाला क्लास नोट्स | S56: नवीनतम बिहार आर्थिक सर्वेक्षण व बजट • BPSC वाला बिहार विशेष • दृष्टि IAS बिहार विशेष (हिंदी) • राज्य सरकार के पोर्टल • बिहार सामान्य ज्ञान पुस्तक (लूसेंट/प्रभात) | T56: ▶ दृष्टि IAS | U56: ▶ BPSC वाला | V56: ▶ BPSC वाला | W56: शुरू नहीं हुआ | Y56: 📖 पढ़ें: दृष्टि • विजन • NCERT • जागरण जोश • GKToday
A57: 52 | B57: =सारांश!$B$4+A57-1 -> 46392 | C57: =CHOOSE(WEEKDAY(B57,2),"सोमवार","मंगलवार","बुधवार","गुरुवार","शुक्रवार","शनिवार","रविवार") -> मंगलवार | D57: =IF(A57=1,0,INT((A57-2)/7)+1) -> 8 | E57: =(YEAR(B57)-YEAR(सारांश!$B$4))*12+MONTH(B57)-MONTH(सारांश!$B$4)+IF(DAY(B57)>=DAY(सारांश!$B$4),1,0) -> 2 | F57: चरण 1: आधार निर्माण (प्रथम अध्ययन) | G57: इतिहास | H57: क्रांतिकारी आंदोलन, संवैधानिक विकास एवं विभाजन (भाग 3/3) | I57: क्रांतिकारी संगठन (HSRA, गदर); 1773–1935 के अधिनियम; क्रिप्स, कैबिनेट मिशन, माउंटबेटन योजना; विभाजन व स्वतंत्रता 1947 | J57: पढ़ें: क्रांतिकारी आंदोलन, संवैधानिक विकास एवं विभाजन – NCERT इतिहास (कक्षा 6-12) • स्पेक्ट्रम आधुनिक भारत • दृष्टि IAS इतिहास नोट्स (हिंदी)। फिर स्वयं के 1-2 पृष्ठ के नोट्स + 10 फ्लैश-कार्ड बनाएँ और PDF के रूप में सहेजें ('क्रांतिकारी आंदोलन, संवैधानिक.pdf')। तैयार PDF नोट्स खोजने हेतु क्लिक करें। | K57: वेबसाइट पर पढ़ें: drishtiias.com • visionias.in • ncert.nic.in (क्लिक करें) | L57: बिहार विशेष | M57: बिहार – कला, संस्कृति, साहित्य एवं पर्यटन (भाग 4/5) | N57: राजव्यवस्था, शासन व अर्थव्यवस्था के समाचार (द हिंदू / दृष्टि IAS) | O57: आज के विषय पर 50 MCQ (+ उससे संबंधित BPSC PYQ) | P57: कल के नोट्स दोहराएँ (30 मिनट) | Q57: 7.5 | R57: NCERT इतिहास (कक्षा 6-12) • स्पेक्ट्रम आधुनिक भारत • दृष्टि IAS इतिहास नोट्स (हिंदी) • विजन IAS PT365/क्लास नोट्स • BPSC वाला क्लास नोट्स | S57: नवीनतम बिहार आर्थिक सर्वेक्षण व बजट • BPSC वाला बिहार विशेष • दृष्टि IAS बिहार विशेष (हिंदी) • राज्य सरकार के पोर्टल • बिहार सामान्य ज्ञान पुस्तक (लूसेंट/प्रभात) | T57: ▶ दृष्टि IAS | U57: ▶ BPSC वाला | V57: ▶ BPSC वाला | W57: शुरू नहीं हुआ | Y57: 📖 पढ़ें: दृष्टि • विजन • NCERT • जागरण जोश • GKToday
A58: 53 | B58: =सारांश!$B$4+A58-1 -> 46393 | C58: =CHOOSE(WEEKDAY(B58,2),"सोमवार","मंगलवार","बुधवार","गुरुवार","शुक्रवार","शनिवार","रविवार") -> बुधवार | D58: =IF(A58=1,0,INT((A58-2)/7)+1) -> 8 | E58: =(YEAR(B58)-YEAR(सारांश!$B$4))*12+MONTH(B58)-MONTH(सारांश!$B$4)+IF(DAY(B58)>=DAY(सारांश!$B$4),1,0) -> 2 | F58: चरण 1: आधार निर्माण (प्रथम अध्ययन) | G58: इतिहास | H58: स्वातंत्र्योत्तर भारत (1947 के बाद) | I58: रियासतों का एकीकरण; राज्य पुनर्गठन; हरित क्रांति; युद्ध; आपातकाल 1975; जेपी आंदोलन; 1991 के आर्थिक सुधार | J58: पढ़ें: स्वातंत्र्योत्तर भारत (1947 के बाद) – NCERT इतिहास (कक्षा 6-12) • स्पेक्ट्रम आधुनिक भारत • दृष्टि IAS इतिहास नोट्स (हिंदी)। फिर स्वयं के 1-2 पृष्ठ के नोट्स + 10 फ्लैश-कार्ड बनाएँ और PDF के रूप में सहेजें ('स्वातंत्र्योत्तर भारत (1947 के.pdf')। तैयार PDF नोट्स खोजने हेतु क्लिक करें। | K58: वेबसाइट पर पढ़ें: drishtiias.com • visionias.in • ncert.nic.in (क्लिक करें) | L58: बिहार विशेष | M58: बिहार – कला, संस्कृति, साहित्य एवं पर्यटन (भाग 5/5) | N58: विज्ञान-प्रौद्योगिकी, अंतरिक्ष व रक्षा समाचार | O58: आज के विषय पर 50 MCQ (+ उससे संबंधित BPSC PYQ) | P58: कल के नोट्स दोहराएँ (30 मिनट) | Q58: 7.5 | R58: NCERT इतिहास (कक्षा 6-12) • स्पेक्ट्रम आधुनिक भारत • दृष्टि IAS इतिहास नोट्स (हिंदी) • विजन IAS PT365/क्लास नोट्स • BPSC वाला क्लास नोट्स | S58: नवीनतम बिहार आर्थिक सर्वेक्षण व बजट • BPSC वाला बिहार विशेष • दृष्टि IAS बिहार विशेष (हिंदी) • राज्य सरकार के पोर्टल • बिहार सामान्य ज्ञान पुस्तक (लूसेंट/प्रभात) | T58: ▶ दृष्टि IAS | U58: ▶ BPSC वाला | V58: ▶ BPSC वाला | W58: शुरू नहीं हुआ | Y58: 📖 पढ़ें: दृष्टि • विजन • NCERT • जागरण जोश • GKToday
A59: 54 | B59: =सारांश!$B$4+A59-1 -> 46394 | C59: =CHOOSE(WEEKDAY(B59,2),"सोमवार","मंगलवार","बुधवार","गुरुवार","शुक्रवार","शनिवार","रविवार") -> गुरुवार | D59: =IF(A59=1,0,INT((A59-2)/7)+1) -> 8 | E59: =(YEAR(B59)-YEAR(सारांश!$B$4))*12+MONTH(B59)-MONTH(सारांश!$B$4)+IF(DAY(B59)>=DAY(सारांश!$B$4),1,0) -> 2 | F59: चरण 1: आधार निर्माण (प्रथम अध्ययन) | G59: इतिहास | H59: भारतीय कला एवं स्थापत्य (भाग 1/3) | I59: मंदिर शैलियाँ (नागर, द्रविड़, वेसर); बौद्ध स्तूप व गुफाएँ; भारतीय-इस्लामी स्थापत्य; मूर्तिकला शैलियाँ; चित्रकला (मधुबनी, पहाड़ी, मुगल) | J59: पढ़ें: भारतीय कला एवं स्थापत्य – NCERT इतिहास (कक्षा 6-12) • स्पेक्ट्रम आधुनिक भारत • दृष्टि IAS इतिहास नोट्स (हिंदी)। फिर स्वयं के 1-2 पृष्ठ के नोट्स + 10 फ्लैश-कार्ड बनाएँ और PDF के रूप में सहेजें ('भारतीय कला एवं स्थापत्य.pdf')। तैयार PDF नोट्स खोजने हेतु क्लिक करें। | K59: वेबसाइट पर पढ़ें: drishtiias.com • visionias.in • ncert.nic.in (क्लिक करें) | L59: बिहार विशेष | M59: बिहार – जनसांख्यिकी, शिक्षा एवं स्वास्थ्य (भाग 1/5) | N59: अंतर्राष्ट्रीय संबंध, शिखर सम्मेलन व भारत के पड़ोसी | O59: आज के विषय पर 50 MCQ (+ उससे संबंधित BPSC PYQ) | P59: कल के नोट्स दोहराएँ (30 मिनट) | Q59: 7.5 | R59: NCERT इतिहास (कक्षा 6-12) • स्पेक्ट्रम आधुनिक भारत • दृष्टि IAS इतिहास नोट्स (हिंदी) • विजन IAS PT365/क्लास नोट्स • BPSC वाला क्लास नोट्स | S59: नवीनतम बिहार आर्थिक सर्वेक्षण व बजट • BPSC वाला बिहार विशेष • दृष्टि IAS बिहार विशेष (हिंदी) • राज्य सरकार के पोर्टल • बिहार सामान्य ज्ञान पुस्तक (लूसेंट/प्रभात) | T59: ▶ दृष्टि IAS | U59: ▶ BPSC वाला | V59: ▶ BPSC वाला | W59: शुरू नहीं हुआ | Y59: 📖 पढ़ें: दृष्टि • विजन • NCERT • जागरण जोश • GKToday
A60: 55 | B60: =सारांश!$B$4+A60-1 -> 46395 | C60: =CHOOSE(WEEKDAY(B60,2),"सोमवार","मंगलवार","बुधवार","गुरुवार","शुक्रवार","शनिवार","रविवार") -> शुक्रवार | D60: =IF(A60=1,0,INT((A60-2)/7)+1) -> 8 | E60: =(YEAR(B60)-YEAR(सारांश!$B$4))*12+MONTH(B60)-MONTH(सारांश!$B$4)+IF(DAY(B60)>=DAY(सारांश!$B$4),1,0) -> 2 | F60: चरण 1: आधार निर्माण (प्रथम अध्ययन) | G60: इतिहास | H60: भारतीय कला एवं स्थापत्य (भाग 2/3) | I60: मंदिर शैलियाँ (नागर, द्रविड़, वेसर); बौद्ध स्तूप व गुफाएँ; भारतीय-इस्लामी स्थापत्य; मूर्तिकला शैलियाँ; चित्रकला (मधुबनी, पहाड़ी, मुगल) | J60: पढ़ें: भारतीय कला एवं स्थापत्य – NCERT इतिहास (कक्षा 6-12) • स्पेक्ट्रम आधुनिक भारत • दृष्टि IAS इतिहास नोट्स (हिंदी)। फिर स्वयं के 1-2 पृष्ठ के नोट्स + 10 फ्लैश-कार्ड बनाएँ और PDF के रूप में सहेजें ('भारतीय कला एवं स्थापत्य.pdf')। तैयार PDF नोट्स खोजने हेतु क्लिक करें। | K60: वेबसाइट पर पढ़ें: drishtiias.com • visionias.in • ncert.nic.in (क्लिक करें) | L60: बिहार विशेष | M60: बिहार – जनसांख्यिकी, शिक्षा एवं स्वास्थ्य (भाग 2/5) | N60: पर्यावरण, योजनाएँ, रिपोर्ट व सूचकांक | O60: आज के विषय पर 50 MCQ (+ उससे संबंधित BPSC PYQ) | P60: कल के नोट्स दोहराएँ (30 मिनट) | Q60: 7.5 | R60: NCERT इतिहास (कक्षा 6-12) • स्पेक्ट्रम आधुनिक भारत • दृष्टि IAS इतिहास नोट्स (हिंदी) • विजन IAS PT365/क्लास नोट्स • BPSC वाला क्लास नोट्स | S60: नवीनतम बिहार आर्थिक सर्वेक्षण व बजट • BPSC वाला बिहार विशेष • दृष्टि IAS बिहार विशेष (हिंदी) • राज्य सरकार के पोर्टल • बिहार सामान्य ज्ञान पुस्तक (लूसेंट/प्रभात) | T60: ▶ दृष्टि IAS | U60: ▶ BPSC वाला | V60: ▶ BPSC वाला | W60: शुरू नहीं हुआ | Y60: 📖 पढ़ें: दृष्टि • विजन • NCERT • जागरण जोश • GKToday
A61: 56 | B61: =सारांश!$B$4+A61-1 -> 46396 | C61: =CHOOSE(WEEKDAY(B61,2),"सोमवार","मंगलवार","बुधवार","गुरुवार","शुक्रवार","शनिवार","रविवार") -> शनिवार | D61: =IF(A61=1,0,INT((A61-2)/7)+1) -> 8 | E61: =(YEAR(B61)-YEAR(सारांश!$B$4))*12+MONTH(B61)-MONTH(सारांश!$B$4)+IF(DAY(B61)>=DAY(सारांश!$B$4),1,0) -> 2 | F61: चरण 1: आधार निर्माण (प्रथम अध्ययन) | G61: इतिहास | H61: भारतीय कला एवं स्थापत्य (भाग 3/3) | I61: मंदिर शैलियाँ (नागर, द्रविड़, वेसर); बौद्ध स्तूप व गुफाएँ; भारतीय-इस्लामी स्थापत्य; मूर्तिकला शैलियाँ; चित्रकला (मधुबनी, पहाड़ी, मुगल) | J61: पढ़ें: भारतीय कला एवं स्थापत्य – NCERT इतिहास (कक्षा 6-12) • स्पेक्ट्रम आधुनिक भारत • दृष्टि IAS इतिहास नोट्स (हिंदी)। फिर स्वयं के 1-2 पृष्ठ के नोट्स + 10 फ्लैश-कार्ड बनाएँ और PDF के रूप में सहेजें ('भारतीय कला एवं स्थापत्य.pdf')। तैयार PDF नोट्स खोजने हेतु क्लिक करें। | K61: वेबसाइट पर पढ़ें: drishtiias.com • visionias.in • ncert.nic.in (क्लिक करें) | L61: बिहार विशेष | M61: बिहार – जनसांख्यिकी, शिक्षा एवं स्वास्थ्य (भाग 3/5) | N61: साप्ताहिक करेंट अफेयर्स संकलन + 20 MCQ (दृष्टि / विजन IAS साप्ताहिक) | O61: आज के विषय पर 50 MCQ (+ उससे संबंधित BPSC PYQ) | P61: कल के नोट्स दोहराएँ (30 मिनट) | Q61: 7.5 | R61: NCERT इतिहास (कक्षा 6-12) • स्पेक्ट्रम आधुनिक भारत • दृष्टि IAS इतिहास नोट्स (हिंदी) • विजन IAS PT365/क्लास नोट्स • BPSC वाला क्लास नोट्स | S61: नवीनतम बिहार आर्थिक सर्वेक्षण व बजट • BPSC वाला बिहार विशेष • दृष्टि IAS बिहार विशेष (हिंदी) • राज्य सरकार के पोर्टल • बिहार सामान्य ज्ञान पुस्तक (लूसेंट/प्रभात) | T61: ▶ दृष्टि IAS | U61: ▶ BPSC वाला | V61: ▶ BPSC वाला | W61: शुरू नहीं हुआ | Y61: 📖 पढ़ें: दृष्टि • विजन • NCERT • जागरण जोश • GKToday
A62: 57 | B62: =सारांश!$B$4+A62-1 -> 46397 | C62: =CHOOSE(WEEKDAY(B62,2),"सोमवार","मंगलवार","बुधवार","गुरुवार","शुक्रवार","शनिवार","रविवार") -> रविवार | D62: =IF(A62=1,0,INT((A62-2)/7)+1) -> 8 | E62: =(YEAR(B62)-YEAR(सारांश!$B$4))*12+MONTH(B62)-MONTH(सारांश!$B$4)+IF(DAY(B62)>=DAY(सारांश!$B$4),1,0) -> 2 | F62: चरण 1: आधार निर्माण (प्रथम अध्ययन) | G62: टेस्ट एवं पुनरावृत्ति | H62: मासिक टेस्ट (150 प्रश्न, 2 घंटे, प्रारंभिक परीक्षा पैटर्न) + विश्लेषण + आधे दिन का विश्राम | I62: इस सप्ताह के विषय दोहराएँ: क्रांतिकारी आंदोलन, संवैधानिक विकास एवं विभाजन; स्वातंत्र्योत्तर भारत (1947 के बाद); भारतीय कला एवं स्थापत्य। त्रुटि-लॉग अद्यतन करें; 20 कमज़ोर बिंदु सूचीबद्ध करें; संक्षिप्त नोट्स दोबारा पढ़ें। | J62: इस सप्ताह के अपने PDF/हस्तलिखित नोट्स दोबारा पढ़ें। उन्हें 1 पृष्ठ के साप्ताहिक सारांश PDF में जोड़ें (त्रुटि-लॉग + 20 कमज़ोर बिंदु)। | K62: वेबसाइट पर पढ़ें: drishtiias.com • visionias.in • pib.gov.in (क्लिक करें) | L62: पुनरावृत्ति | M62: सप्ताह के द्वितीयक/बिहार विषय दोहराएँ + साप्ताहिक करेंट अफेयर्स संकलन | N62: साप्ताहिक करेंट अफेयर्स संकलन (दृष्टि IAS / विजन IAS साप्ताहिक) + 20 MCQ | O62: लक्ष्य अंक: 55%+ (साप्ताहिक शीट में अपना स्कोर दर्ज करें) | P62: पूरे सप्ताह की पुनरावृत्ति (2 घंटे) | Q62: 6 | R62: BPSC वाला / दृष्टि IAS / विजन IAS टेस्ट सीरीज़ • BPSC के PYQ (bpsc.bihar.gov.in) | S62: स्वयं के संक्षिप्त नोट्स • त्रुटि-लॉग • साप्ताहिक करेंट अफेयर्स (दृष्टि / विजन IAS) | T62: ▶ दृष्टि IAS | U62: ▶ BPSC वाला | V62: ▶ BPSC वाला | W62: शुरू नहीं हुआ
A63: 58 | B63: =सारांश!$B$4+A63-1 -> 46398 | C63: =CHOOSE(WEEKDAY(B63,2),"सोमवार","मंगलवार","बुधवार","गुरुवार","शुक्रवार","शनिवार","रविवार") -> सोमवार | D63: =IF(A63=1,0,INT((A63-2)/7)+1) -> 9 | E63: =(YEAR(B63)-YEAR(सारांश!$B$4))*12+MONTH(B63)-MONTH(सारांश!$B$4)+IF(DAY(B63)>=DAY(सारांश!$B$4),1,0) -> 2 | F63: चरण 1: आधार निर्माण (प्रथम अध्ययन) | G63: इतिहास | H63: प्रदर्शन कलाएँ, साहित्य, त्योहार एवं यूनेस्को स्थल (भाग 1/3) | I63: शास्त्रीय नृत्य व संगीत; लोक कलाएँ; भाषाएँ व शास्त्रीय साहित्य; धर्म व त्योहार; भारत में यूनेस्को विश्व धरोहर व अमूर्त विरासत | J63: पढ़ें: प्रदर्शन कलाएँ, साहित्य, त्योहार एवं यूनेस्को स्थल – NCERT इतिहास (कक्षा 6-12) • स्पेक्ट्रम आधुनिक भारत • दृष्टि IAS इतिहास नोट्स (हिंदी)। फिर स्वयं के 1-2 पृष्ठ के नोट्स + 10 फ्लैश-कार्ड बनाएँ और PDF के रूप में सहेजें ('प्रदर्शन कलाएँ, साहित्य, त्योहार.pdf')। तैयार PDF नोट्स खोजने हेतु क्लिक करें। | K63: वेबसाइट पर पढ़ें: drishtiias.com • visionias.in • ncert.nic.in (क्लिक करें) | L63: बिहार विशेष | M63: बिहार – जनसांख्यिकी, शिक्षा एवं स्वास्थ्य (भाग 4/5) | N63: बिहार समाचार (प्रभात खबर / दैनिक जागरण) + दृष्टि IAS दैनिक करेंट अफेयर्स | O63: आज के विषय पर 50 MCQ (+ उससे संबंधित BPSC PYQ) | P63: कल के नोट्स दोहराएँ (30 मिनट) | Q63: 7.5 | R63: NCERT इतिहास (कक्षा 6-12) • स्पेक्ट्रम आधुनिक भारत • दृष्टि IAS इतिहास नोट्स (हिंदी) • विजन IAS PT365/क्लास नोट्स • BPSC वाला क्लास नोट्स | S63: नवीनतम बिहार आर्थिक सर्वेक्षण व बजट • BPSC वाला बिहार विशेष • दृष्टि IAS बिहार विशेष (हिंदी) • राज्य सरकार के पोर्टल • बिहार सामान्य ज्ञान पुस्तक (लूसेंट/प्रभात) | T63: ▶ दृष्टि IAS | U63: ▶ BPSC वाला | V63: ▶ BPSC वाला | W63: शुरू नहीं हुआ | Y63: 📖 पढ़ें: दृष्टि • विजन • NCERT • जागरण जोश • GKToday
A64: 59 | B64: =सारांश!$B$4+A64-1 -> 46399 | C64: =CHOOSE(WEEKDAY(B64,2),"सोमवार","मंगलवार","बुधवार","गुरुवार","शुक्रवार","शनिवार","रविवार") -> मंगलवार | D64: =IF(A64=1,0,INT((A64-2)/7)+1) -> 9 | E64: =(YEAR(B64)-YEAR(सारांश!$B$4))*12+MONTH(B64)-MONTH(सारांश!$B$4)+IF(DAY(B64)>=DAY(सारांश!$B$4),1,0) -> 2 | F64: चरण 1: आधार निर्माण (प्रथम अध्ययन) | G64: इतिहास | H64: प्रदर्शन कलाएँ, साहित्य, त्योहार एवं यूनेस्को स्थल (भाग 2/3) | I64: शास्त्रीय नृत्य व संगीत; लोक कलाएँ; भाषाएँ व शास्त्रीय साहित्य; धर्म व त्योहार; भारत में यूनेस्को विश्व धरोहर व अमूर्त विरासत | J64: पढ़ें: प्रदर्शन कलाएँ, साहित्य, त्योहार एवं यूनेस्को स्थल – NCERT इतिहास (कक्षा 6-12) • स्पेक्ट्रम आधुनिक भारत • दृष्टि IAS इतिहास नोट्स (हिंदी)। फिर स्वयं के 1-2 पृष्ठ के नोट्स + 10 फ्लैश-कार्ड बनाएँ और PDF के रूप में सहेजें ('प्रदर्शन कलाएँ, साहित्य, त्योहार.pdf')। तैयार PDF नोट्स खोजने हेतु क्लिक करें। | K64: वेबसाइट पर पढ़ें: drishtiias.com • visionias.in • ncert.nic.in (क्लिक करें) | L64: बिहार विशेष | M64: बिहार – जनसांख्यिकी, शिक्षा एवं स्वास्थ्य (भाग 5/5) | N64: राजव्यवस्था, शासन व अर्थव्यवस्था के समाचार (द हिंदू / दृष्टि IAS) | O64: आज के विषय पर 50 MCQ (+ उससे संबंधित BPSC PYQ) | P64: कल के नोट्स दोहराएँ (30 मिनट) | Q64: 7.5 | R64: NCERT इतिहास (कक्षा 6-12) • स्पेक्ट्रम आधुनिक भारत • दृष्टि IAS इतिहास नोट्स (हिंदी) • विजन IAS PT365/क्लास नोट्स • BPSC वाला क्लास नोट्स | S64: नवीनतम बिहार आर्थिक सर्वेक्षण व बजट • BPSC वाला बिहार विशेष • दृष्टि IAS बिहार विशेष (हिंदी) • राज्य सरकार के पोर्टल • बिहार सामान्य ज्ञान पुस्तक (लूसेंट/प्रभात) | T64: ▶ दृष्टि IAS | U64: ▶ BPSC वाला | V64: ▶ BPSC वाला | W64: शुरू नहीं हुआ | Y64: 📖 पढ़ें: दृष्टि • विजन • NCERT • जागरण जोश • GKToday
A65: 60 | B65: =सारांश!$B$4+A65-1 -> 46400 | C65: =CHOOSE(WEEKDAY(B65,2),"सोमवार","मंगलवार","बुधवार","गुरुवार","शुक्रवार","शनिवार","रविवार") -> बुधवार | D65: =IF(A65=1,0,INT((A65-2)/7)+1) -> 9 | E65: =(YEAR(B65)-YEAR(सारांश!$B$4))*12+MONTH(B65)-MONTH(सारांश!$B$4)+IF(DAY(B65)>=DAY(सारांश!$B$4),1,0) -> 2 | F65: चरण 1: आधार निर्माण (प्रथम अध्ययन) | G65: इतिहास | H65: प्रदर्शन कलाएँ, साहित्य, त्योहार एवं यूनेस्को स्थल (भाग 3/3) | I65: शास्त्रीय नृत्य व संगीत; लोक कलाएँ; भाषाएँ व शास्त्रीय साहित्य; धर्म व त्योहार; भारत में यूनेस्को विश्व धरोहर व अमूर्त विरासत | J65: पढ़ें: प्रदर्शन कलाएँ, साहित्य, त्योहार एवं यूनेस्को स्थल – NCERT इतिहास (कक्षा 6-12) • स्पेक्ट्रम आधुनिक भारत • दृष्टि IAS इतिहास नोट्स (हिंदी)। फिर स्वयं के 1-2 पृष्ठ के नोट्स + 10 फ्लैश-कार्ड बनाएँ और PDF के रूप में सहेजें ('प्रदर्शन कलाएँ, साहित्य, त्योहार.pdf')। तैयार PDF नोट्स खोजने हेतु क्लिक करें। | K65: वेबसाइट पर पढ़ें: drishtiias.com • visionias.in • ncert.nic.in (क्लिक करें) | L65: विज्ञान | M65: भौतिकी I: गति, बल, कार्य एवं गुरुत्वाकर्षण (भाग 1/5) | N65: विज्ञान-प्रौद्योगिकी, अंतरिक्ष व रक्षा समाचार | O65: आज के विषय पर 50 MCQ (+ उससे संबंधित BPSC PYQ) | P65: कल के नोट्स दोहराएँ (30 मिनट) | Q65: 7.5 | R65: NCERT इतिहास (कक्षा 6-12) • स्पेक्ट्रम आधुनिक भारत • दृष्टि IAS इतिहास नोट्स (हिंदी) • विजन IAS PT365/क्लास नोट्स • BPSC वाला क्लास नोट्स | S65: NCERT विज्ञान (कक्षा 6-10) • लूसेंट सामान्य ज्ञान (विज्ञान) • दृष्टि IAS विज्ञान-प्रौद्योगिकी • BPSC वाला | T65: ▶ दृष्टि IAS | U65: ▶ BPSC वाला | V65: ▶ BPSC वाला | W65: शुरू नहीं हुआ | Y65: 📖 पढ़ें: दृष्टि • विजन • NCERT • जागरण जोश • GKToday
A66: 61 | B66: =सारांश!$B$4+A66-1 -> 46401 | C66: =CHOOSE(WEEKDAY(B66,2),"सोमवार","मंगलवार","बुधवार","गुरुवार","शुक्रवार","शनिवार","रविवार") -> गुरुवार | D66: =IF(A66=1,0,INT((A66-2)/7)+1) -> 9 | E66: =(YEAR(B66)-YEAR(सारांश!$B$4))*12+MONTH(B66)-MONTH(सारांश!$B$4)+IF(DAY(B66)>=DAY(सारांश!$B$4),1,0) -> 2 | F66: चरण 1: आधार निर्माण (प्रथम अध्ययन) | G66: भूगोल | H66: ब्रह्मांड, सौरमंडल एवं पृथ्वी (भाग 1/4) | I66: बिग बैंग, आकाशगंगा, ग्रह, चंद्रमा; घूर्णन व परिक्रमण; अक्षांश-देशांतर, समय क्षेत्र; ग्रहण; ऋतुएँ | J66: पढ़ें: ब्रह्मांड, सौरमंडल एवं पृथ्वी – NCERT भूगोल (कक्षा 6-12) • सविन्द्र सिंह / माजिद हुसैन • दृष्टि IAS भूगोल नोट्स। फिर स्वयं के 1-2 पृष्ठ के नोट्स + 10 फ्लैश-कार्ड बनाएँ और PDF के रूप में सहेजें ('ब्रह्मांड, सौरमंडल एवं पृथ्वी.pdf')। तैयार PDF नोट्स खोजने हेतु क्लिक करें। | K66: वेबसाइट पर पढ़ें: drishtiias.com • visionias.in • ncert.nic.in (क्लिक करें) | L66: विज्ञान | M66: भौतिकी I: गति, बल, कार्य एवं गुरुत्वाकर्षण (भाग 2/5) | N66: अंतर्राष्ट्रीय संबंध, शिखर सम्मेलन व भारत के पड़ोसी | O66: आज के विषय पर 50 MCQ (+ उससे संबंधित BPSC PYQ) | P66: कल के नोट्स दोहराएँ (30 मिनट) | Q66: 7.5 | R66: NCERT भूगोल (कक्षा 6-12) • सविन्द्र सिंह / माजिद हुसैन • दृष्टि IAS भूगोल नोट्स • विजन IAS • BPSC वाला | S66: NCERT विज्ञान (कक्षा 6-10) • लूसेंट सामान्य ज्ञान (विज्ञान) • दृष्टि IAS विज्ञान-प्रौद्योगिकी • BPSC वाला | T66: ▶ दृष्टि IAS | U66: ▶ BPSC वाला | V66: ▶ BPSC वाला | W66: शुरू नहीं हुआ | Y66: 📖 पढ़ें: दृष्टि • विजन • NCERT • जागरण जोश • GKToday
A67: 62 | B67: =सारांश!$B$4+A67-1 -> 46402 | C67: =CHOOSE(WEEKDAY(B67,2),"सोमवार","मंगलवार","बुधवार","गुरुवार","शुक्रवार","शनिवार","रविवार") -> शुक्रवार | D67: =IF(A67=1,0,INT((A67-2)/7)+1) -> 9 | E67: =(YEAR(B67)-YEAR(सारांश!$B$4))*12+MONTH(B67)-MONTH(सारांश!$B$4)+IF(DAY(B67)>=DAY(सारांश!$B$4),1,0) -> 3 | F67: चरण 1: आधार निर्माण (प्रथम अध्ययन) | G67: भूगोल | H67: ब्रह्मांड, सौरमंडल एवं पृथ्वी (भाग 2/4) | I67: बिग बैंग, आकाशगंगा, ग्रह, चंद्रमा; घूर्णन व परिक्रमण; अक्षांश-देशांतर, समय क्षेत्र; ग्रहण; ऋतुएँ | J67: पढ़ें: ब्रह्मांड, सौरमंडल एवं पृथ्वी – NCERT भूगोल (कक्षा 6-12) • सविन्द्र सिंह / माजिद हुसैन • दृष्टि IAS भूगोल नोट्स। फिर स्वयं के 1-2 पृष्ठ के नोट्स + 10 फ्लैश-कार्ड बनाएँ और PDF के रूप में सहेजें ('ब्रह्मांड, सौरमंडल एवं पृथ्वी.pdf')। तैयार PDF नोट्स खोजने हेतु क्लिक करें। | K67: वेबसाइट पर पढ़ें: drishtiias.com • visionias.in • ncert.nic.in (क्लिक करें) | L67: विज्ञान | M67: भौतिकी I: गति, बल, कार्य एवं गुरुत्वाकर्षण (भाग 3/5) | N67: पर्यावरण, योजनाएँ, रिपोर्ट व सूचकांक | O67: आज के विषय पर 50 MCQ (+ उससे संबंधित BPSC PYQ) | P67: कल के नोट्स दोहराएँ (30 मिनट) | Q67: 7.5 | R67: NCERT भूगोल (कक्षा 6-12) • सविन्द्र सिंह / माजिद हुसैन • दृष्टि IAS भूगोल नोट्स • विजन IAS • BPSC वाला | S67: NCERT विज्ञान (कक्षा 6-10) • लूसेंट सामान्य ज्ञान (विज्ञान) • दृष्टि IAS विज्ञान-प्रौद्योगिकी • BPSC वाला | T67: ▶ दृष्टि IAS | U67: ▶ BPSC वाला | V67: ▶ BPSC वाला | W67: शुरू नहीं हुआ | Y67: 📖 पढ़ें: दृष्टि • विजन • NCERT • जागरण जोश • GKToday
A68: 63 | B68: =सारांश!$B$4+A68-1 -> 46403 | C68: =CHOOSE(WEEKDAY(B68,2),"सोमवार","मंगलवार","बुधवार","गुरुवार","शुक्रवार","शनिवार","रविवार") -> शनिवार | D68: =IF(A68=1,0,INT((A68-2)/7)+1) -> 9 | E68: =(YEAR(B68)-YEAR(सारांश!$B$4))*12+MONTH(B68)-MONTH(सारांश!$B$4)+IF(DAY(B68)>=DAY(सारांश!$B$4),1,0) -> 3 | F68: चरण 1: आधार निर्माण (प्रथम अध्ययन) | G68: भूगोल | H68: ब्रह्मांड, सौरमंडल एवं पृथ्वी (भाग 3/4) | I68: बिग बैंग, आकाशगंगा, ग्रह, चंद्रमा; घूर्णन व परिक्रमण; अक्षांश-देशांतर, समय क्षेत्र; ग्रहण; ऋतुएँ | J68: पढ़ें: ब्रह्मांड, सौरमंडल एवं पृथ्वी – NCERT भूगोल (कक्षा 6-12) • सविन्द्र सिंह / माजिद हुसैन • दृष्टि IAS भूगोल नोट्स। फिर स्वयं के 1-2 पृष्ठ के नोट्स + 10 फ्लैश-कार्ड बनाएँ और PDF के रूप में सहेजें ('ब्रह्मांड, सौरमंडल एवं पृथ्वी.pdf')। तैयार PDF नोट्स खोजने हेतु क्लिक करें। | K68: वेबसाइट पर पढ़ें: drishtiias.com • visionias.in • ncert.nic.in (क्लिक करें) | L68: विज्ञान | M68: भौतिकी I: गति, बल, कार्य एवं गुरुत्वाकर्षण (भाग 4/5) | N68: साप्ताहिक करेंट अफेयर्स संकलन + 20 MCQ (दृष्टि / विजन IAS साप्ताहिक) | O68: आज के विषय पर 50 MCQ (+ उससे संबंधित BPSC PYQ) | P68: कल के नोट्स दोहराएँ (30 मिनट) | Q68: 7.5 | R68: NCERT भूगोल (कक्षा 6-12) • सविन्द्र सिंह / माजिद हुसैन • दृष्टि IAS भूगोल नोट्स • विजन IAS • BPSC वाला | S68: NCERT विज्ञान (कक्षा 6-10) • लूसेंट सामान्य ज्ञान (विज्ञान) • दृष्टि IAS विज्ञान-प्रौद्योगिकी • BPSC वाला | T68: ▶ दृष्टि IAS | U68: ▶ BPSC वाला | V68: ▶ BPSC वाला | W68: शुरू नहीं हुआ | Y68: 📖 पढ़ें: दृष्टि • विजन • NCERT • जागरण जोश • GKToday
A69: 64 | B69: =सारांश!$B$4+A69-1 -> 46404 | C69: =CHOOSE(WEEKDAY(B69,2),"सोमवार","मंगलवार","बुधवार","गुरुवार","शुक्रवार","शनिवार","रविवार") -> रविवार | D69: =IF(A69=1,0,INT((A69-2)/7)+1) -> 9 | E69: =(YEAR(B69)-YEAR(सारांश!$B$4))*12+MONTH(B69)-MONTH(सारांश!$B$4)+IF(DAY(B69)>=DAY(सारांश!$B$4),1,0) -> 3 | F69: चरण 1: आधार निर्माण (प्रथम अध्ययन) | G69: टेस्ट एवं पुनरावृत्ति | H69: साप्ताहिक टेस्ट (100 MCQ, 90 मिनट) + विश्लेषण | I69: इस सप्ताह के विषय दोहराएँ: प्रदर्शन कलाएँ, साहित्य, त्योहार एवं यूनेस्को स्थल; ब्रह्मांड, सौरमंडल एवं पृथ्वी। त्रुटि-लॉग अद्यतन करें; 20 कमज़ोर बिंदु सूचीबद्ध करें; संक्षिप्त नोट्स दोबारा पढ़ें। | J69: इस सप्ताह के अपने PDF/हस्तलिखित नोट्स दोबारा पढ़ें। उन्हें 1 पृष्ठ के साप्ताहिक सारांश PDF में जोड़ें (त्रुटि-लॉग + 20 कमज़ोर बिंदु)। | K69: वेबसाइट पर पढ़ें: drishtiias.com • visionias.in • pib.gov.in (क्लिक करें) | L69: पुनरावृत्ति | M69: सप्ताह के द्वितीयक/बिहार विषय दोहराएँ + साप्ताहिक करेंट अफेयर्स संकलन | N69: साप्ताहिक करेंट अफेयर्स संकलन (दृष्टि IAS / विजन IAS साप्ताहिक) + 20 MCQ | O69: लक्ष्य अंक: 55%+ (साप्ताहिक शीट में अपना स्कोर दर्ज करें) | P69: पूरे सप्ताह की पुनरावृत्ति (2 घंटे) | Q69: 6 | R69: BPSC वाला / दृष्टि IAS / विजन IAS टेस्ट सीरीज़ • BPSC के PYQ (bpsc.bihar.gov.in) | S69: स्वयं के संक्षिप्त नोट्स • त्रुटि-लॉग • साप्ताहिक करेंट अफेयर्स (दृष्टि / विजन IAS) | T69: ▶ दृष्टि IAS | U69: ▶ BPSC वाला | V69: ▶ BPSC वाला | W69: शुरू नहीं हुआ
A70: 65 | B70: =सारांश!$B$4+A70-1 -> 46405 | C70: =CHOOSE(WEEKDAY(B70,2),"सोमवार","मंगलवार","बुधवार","गुरुवार","शुक्रवार","शनिवार","रविवार") -> सोमवार | D70: =IF(A70=1,0,INT((A70-2)/7)+1) -> 10 | E70: =(YEAR(B70)-YEAR(सारांश!$B$4))*12+MONTH(B70)-MONTH(सारांश!$B$4)+IF(DAY(B70)>=DAY(सारांश!$B$4),1,0) -> 3 | F70: चरण 1: आधार निर्माण (प्रथम अध्ययन) | G70: भूगोल | H70: ब्रह्मांड, सौरमंडल एवं पृथ्वी (भाग 4/4) | I70: बिग बैंग, आकाशगंगा, ग्रह, चंद्रमा; घूर्णन व परिक्रमण; अक्षांश-देशांतर, समय क्षेत्र; ग्रहण; ऋतुएँ | J70: पढ़ें: ब्रह्मांड, सौरमंडल एवं पृथ्वी – NCERT भूगोल (कक्षा 6-12) • सविन्द्र सिंह / माजिद हुसैन • दृष्टि IAS भूगोल नोट्स। फिर स्वयं के 1-2 पृष्ठ के नोट्स + 10 फ्लैश-कार्ड बनाएँ और PDF के रूप में सहेजें ('ब्रह्मांड, सौरमंडल एवं पृथ्वी.pdf')। तैयार PDF नोट्स खोजने हेतु क्लिक करें। | K70: वेबसाइट पर पढ़ें: drishtiias.com • visionias.in • ncert.nic.in (क्लिक करें) | L70: विज्ञान | M70: भौतिकी I: गति, बल, कार्य एवं गुरुत्वाकर्षण (भाग 5/5) | N70: बिहार समाचार (प्रभात खबर / दैनिक जागरण) + दृष्टि IAS दैनिक करेंट अफेयर्स | O70: आज के विषय पर 50 MCQ (+ उससे संबंधित BPSC PYQ) | P70: कल के नोट्स दोहराएँ (30 मिनट) | Q70: 7.5 | R70: NCERT भूगोल (कक्षा 6-12) • सविन्द्र सिंह / माजिद हुसैन • दृष्टि IAS भूगोल नोट्स • विजन IAS • BPSC वाला | S70: NCERT विज्ञान (कक्षा 6-10) • लूसेंट सामान्य ज्ञान (विज्ञान) • दृष्टि IAS विज्ञान-प्रौद्योगिकी • BPSC वाला | T70: ▶ दृष्टि IAS | U70: ▶ BPSC वाला | V70: ▶ BPSC वाला | W70: शुरू नहीं हुआ | Y70: 📖 पढ़ें: दृष्टि • विजन • NCERT • जागरण जोश • GKToday
A71: 66 | B71: =सारांश!$B$4+A71-1 -> 46406 | C71: =CHOOSE(WEEKDAY(B71,2),"सोमवार","मंगलवार","बुधवार","गुरुवार","शुक्रवार","शनिवार","रविवार") -> मंगलवार | D71: =IF(A71=1,0,INT((A71-2)/7)+1) -> 10 | E71: =(YEAR(B71)-YEAR(सारांश!$B$4))*12+MONTH(B71)-MONTH(सारांश!$B$4)+IF(DAY(B71)>=DAY(सारांश!$B$4),1,0) -> 3 | F71: चरण 1: आधार निर्माण (प्रथम अध्ययन) | G71: भूगोल | H71: भू-आकृति विज्ञान: पृथ्वी का आंतरिक भाग, चट्टानें एवं स्थलरूप (भाग 1/3) | I71: पृथ्वी की परतें, चट्टानें, खनिज; प्लेट विवर्तनिकी; भूकंप व ज्वालामुखी; अपक्षय, अपरदन; नदी, हिमनद, पवन द्वारा निर्मित स्थलरूप | J71: पढ़ें: भू-आकृति विज्ञान: पृथ्वी का आंतरिक भाग, चट्टानें एवं स्थलरूप – NCERT भूगोल (कक्षा 6-12) • सविन्द्र सिंह / माजिद हुसैन • दृष्टि IAS भूगोल नोट्स। फिर स्वयं के 1-2 पृष्ठ के नोट्स + 10 फ्लैश-कार्ड बनाएँ और PDF के रूप में सहेजें ('भू-आकृति विज्ञान पृथ्वी का.pdf')। तैयार PDF नोट्स खोजने हेतु क्लिक करें। | K71: वेबसाइट पर पढ़ें: drishtiias.com • visionias.in • ncert.nic.in (क्लिक करें) | L71: विज्ञान | M71: भौतिकी II: ऊष्मा, प्रकाश, ध्वनि, विद्युत एवं आधुनिक भौतिकी (भाग 1/8) | N71: राजव्यवस्था, शासन व अर्थव्यवस्था के समाचार (द हिंदू / दृष्टि IAS) | O71: आज के विषय पर 50 MCQ (+ उससे संबंधित BPSC PYQ) | P71: कल के नोट्स दोहराएँ (30 मिनट) | Q71: 7.5 | R71: NCERT भूगोल (कक्षा 6-12) • सविन्द्र सिंह / माजिद हुसैन • दृष्टि IAS भूगोल नोट्स • विजन IAS • BPSC वाला | S71: NCERT विज्ञान (कक्षा 6-10) • लूसेंट सामान्य ज्ञान (विज्ञान) • दृष्टि IAS विज्ञान-प्रौद्योगिकी • BPSC वाला | T71: ▶ दृष्टि IAS | U71: ▶ BPSC वाला | V71: ▶ BPSC वाला | W71: शुरू नहीं हुआ | Y71: 📖 पढ़ें: दृष्टि • विजन • NCERT • जागरण जोश • GKToday
A72: 67 | B72: =सारांश!$B$4+A72-1 -> 46407 | C72: =CHOOSE(WEEKDAY(B72,2),"सोमवार","मंगलवार","बुधवार","गुरुवार","शुक्रवार","शनिवार","रविवार") -> बुधवार | D72: =IF(A72=1,0,INT((A72-2)/7)+1) -> 10 | E72: =(YEAR(B72)-YEAR(सारांश!$B$4))*12+MONTH(B72)-MONTH(सारांश!$B$4)+IF(DAY(B72)>=DAY(सारांश!$B$4),1,0) -> 3 | F72: चरण 1: आधार निर्माण (प्रथम अध्ययन) | G72: भूगोल | H72: भू-आकृति विज्ञान: पृथ्वी का आंतरिक भाग, चट्टानें एवं स्थलरूप (भाग 2/3) | I72: पृथ्वी की परतें, चट्टानें, खनिज; प्लेट विवर्तनिकी; भूकंप व ज्वालामुखी; अपक्षय, अपरदन; नदी, हिमनद, पवन द्वारा निर्मित स्थलरूप | J72: पढ़ें: भू-आकृति विज्ञान: पृथ्वी का आंतरिक भाग, चट्टानें एवं स्थलरूप – NCERT भूगोल (कक्षा 6-12) • सविन्द्र सिंह / माजिद हुसैन • दृष्टि IAS भूगोल नोट्स। फिर स्वयं के 1-2 पृष्ठ के नोट्स + 10 फ्लैश-कार्ड बनाएँ और PDF के रूप में सहेजें ('भू-आकृति विज्ञान पृथ्वी का.pdf')। तैयार PDF नोट्स खोजने हेतु क्लिक करें। | K72: वेबसाइट पर पढ़ें: drishtiias.com • visionias.in • ncert.nic.in (क्लिक करें) | L72: विज्ञान | M72: भौतिकी II: ऊष्मा, प्रकाश, ध्वनि, विद्युत एवं आधुनिक भौतिकी (भाग 2/8) | N72: विज्ञान-प्रौद्योगिकी, अंतरिक्ष व रक्षा समाचार | O72: आज के विषय पर 50 MCQ (+ उससे संबंधित BPSC PYQ) | P72: कल के नोट्स दोहराएँ (30 मिनट) | Q72: 7.5 | R72: NCERT भूगोल (कक्षा 6-12) • सविन्द्र सिंह / माजिद हुसैन • दृष्टि IAS भूगोल नोट्स • विजन IAS • BPSC वाला | S72: NCERT विज्ञान (कक्षा 6-10) • लूसेंट सामान्य ज्ञान (विज्ञान) • दृष्टि IAS विज्ञान-प्रौद्योगिकी • BPSC वाला | T72: ▶ दृष्टि IAS | U72: ▶ BPSC वाला | V72: ▶ BPSC वाला | W72: शुरू नहीं हुआ | Y72: 📖 पढ़ें: दृष्टि • विजन • NCERT • जागरण जोश • GKToday
A73: 68 | B73: =सारांश!$B$4+A73-1 -> 46408 | C73: =CHOOSE(WEEKDAY(B73,2),"सोमवार","मंगलवार","बुधवार","गुरुवार","शुक्रवार","शनिवार","रविवार") -> गुरुवार | D73: =IF(A73=1,0,INT((A73-2)/7)+1) -> 10 | E73: =(YEAR(B73)-YEAR(सारांश!$B$4))*12+MONTH(B73)-MONTH(सारांश!$B$4)+IF(DAY(B73)>=DAY(सारांश!$B$4),1,0) -> 3 | F73: चरण 1: आधार निर्माण (प्रथम अध्ययन) | G73: भूगोल | H73: भू-आकृति विज्ञान: पृथ्वी का आंतरिक भाग, चट्टानें एवं स्थलरूप (भाग 3/3) | I73: पृथ्वी की परतें, चट्टानें, खनिज; प्लेट विवर्तनिकी; भूकंप व ज्वालामुखी; अपक्षय, अपरदन; नदी, हिमनद, पवन द्वारा निर्मित स्थलरूप | J73: पढ़ें: भू-आकृति विज्ञान: पृथ्वी का आंतरिक भाग, चट्टानें एवं स्थलरूप – NCERT भूगोल (कक्षा 6-12) • सविन्द्र सिंह / माजिद हुसैन • दृष्टि IAS भूगोल नोट्स। फिर स्वयं के 1-2 पृष्ठ के नोट्स + 10 फ्लैश-कार्ड बनाएँ और PDF के रूप में सहेजें ('भू-आकृति विज्ञान पृथ्वी का.pdf')। तैयार PDF नोट्स खोजने हेतु क्लिक करें। | K73: वेबसाइट पर पढ़ें: drishtiias.com • visionias.in • ncert.nic.in (क्लिक करें) | L73: विज्ञान | M73: भौतिकी II: ऊष्मा, प्रकाश, ध्वनि, विद्युत एवं आधुनिक भौतिकी (भाग 3/8) | N73: अंतर्राष्ट्रीय संबंध, शिखर सम्मेलन व भारत के पड़ोसी | O73: आज के विषय पर 50 MCQ (+ उससे संबंधित BPSC PYQ) | P73: कल के नोट्स दोहराएँ (30 मिनट) | Q73: 7.5 | R73: NCERT भूगोल (कक्षा 6-12) • सविन्द्र सिंह / माजिद हुसैन • दृष्टि IAS भूगोल नोट्स • विजन IAS • BPSC वाला | S73: NCERT विज्ञान (कक्षा 6-10) • लूसेंट सामान्य ज्ञान (विज्ञान) • दृष्टि IAS विज्ञान-प्रौद्योगिकी • BPSC वाला | T73: ▶ दृष्टि IAS | U73: ▶ BPSC वाला | V73: ▶ BPSC वाला | W73: शुरू नहीं हुआ | Y73: 📖 पढ़ें: दृष्टि • विजन • NCERT • जागरण जोश • GKToday
A74: 69 | B74: =सारांश!$B$4+A74-1 -> 46409 | C74: =CHOOSE(WEEKDAY(B74,2),"सोमवार","मंगलवार","बुधवार","गुरुवार","शुक्रवार","शनिवार","रविवार") -> शुक्रवार | D74: =IF(A74=1,0,INT((A74-2)/7)+1) -> 10 | E74: =(YEAR(B74)-YEAR(सारांश!$B$4))*12+MONTH(B74)-MONTH(सारांश!$B$4)+IF(DAY(B74)>=DAY(सारांश!$B$4),1,0) -> 3 | F74: चरण 1: आधार निर्माण (प्रथम अध्ययन) | G74: भूगोल | H74: जलवायु विज्ञान: वायुमंडल, पवनें एवं जलवायु (भाग 1/4) | I74: वायुमंडल की परतें; सूर्यातप, ऊष्मा बजट; दाब पेटियाँ, पवनें, जेट धाराएँ; चक्रवात; आर्द्रता व वर्षण; कोपेन जलवायु वर्गीकरण | J74: पढ़ें: जलवायु विज्ञान: वायुमंडल, पवनें एवं जलवायु – NCERT भूगोल (कक्षा 6-12) • सविन्द्र सिंह / माजिद हुसैन • दृष्टि IAS भूगोल नोट्स। फिर स्वयं के 1-2 पृष्ठ के नोट्स + 10 फ्लैश-कार्ड बनाएँ और PDF के रूप में सहेजें ('जलवायु विज्ञान वायुमंडल, पवनें.pdf')। तैयार PDF नोट्स खोजने हेतु क्लिक करें। | K74: वेबसाइट पर पढ़ें: drishtiias.com • visionias.in • ncert.nic.in (क्लिक करें) | L74: विज्ञान | M74: भौतिकी II: ऊष्मा, प्रकाश, ध्वनि, विद्युत एवं आधुनिक भौतिकी (भाग 4/8) | N74: पर्यावरण, योजनाएँ, रिपोर्ट व सूचकांक | O74: आज के विषय पर 50 MCQ (+ उससे संबंधित BPSC PYQ) | P74: कल के नोट्स दोहराएँ (30 मिनट) | Q74: 7.5 | R74: NCERT भूगोल (कक्षा 6-12) • सविन्द्र सिंह / माजिद हुसैन • दृष्टि IAS भूगोल नोट्स • विजन IAS • BPSC वाला | S74: NCERT विज्ञान (कक्षा 6-10) • लूसेंट सामान्य ज्ञान (विज्ञान) • दृष्टि IAS विज्ञान-प्रौद्योगिकी • BPSC वाला | T74: ▶ दृष्टि IAS | U74: ▶ BPSC वाला | V74: ▶ BPSC वाला | W74: शुरू नहीं हुआ | Y74: 📖 पढ़ें: दृष्टि • विजन • NCERT • जागरण जोश • GKToday
A75: 70 | B75: =सारांश!$B$4+A75-1 -> 46410 | C75: =CHOOSE(WEEKDAY(B75,2),"सोमवार","मंगलवार","बुधवार","गुरुवार","शुक्रवार","शनिवार","रविवार") -> शनिवार | D75: =IF(A75=1,0,INT((A75-2)/7)+1) -> 10 | E75: =(YEAR(B75)-YEAR(सारांश!$B$4))*12+MONTH(B75)-MONTH(सारांश!$B$4)+IF(DAY(B75)>=DAY(सारांश!$B$4),1,0) -> 3 | F75: चरण 1: आधार निर्माण (प्रथम अध्ययन) | G75: भूगोल | H75: जलवायु विज्ञान: वायुमंडल, पवनें एवं जलवायु (भाग 2/4) | I75: वायुमंडल की परतें; सूर्यातप, ऊष्मा बजट; दाब पेटियाँ, पवनें, जेट धाराएँ; चक्रवात; आर्द्रता व वर्षण; कोपेन जलवायु वर्गीकरण | J75: पढ़ें: जलवायु विज्ञान: वायुमंडल, पवनें एवं जलवायु – NCERT भूगोल (कक्षा 6-12) • सविन्द्र सिंह / माजिद हुसैन • दृष्टि IAS भूगोल नोट्स। फिर स्वयं के 1-2 पृष्ठ के नोट्स + 10 फ्लैश-कार्ड बनाएँ और PDF के रूप में सहेजें ('जलवायु विज्ञान वायुमंडल, पवनें.pdf')। तैयार PDF नोट्स खोजने हेतु क्लिक करें। | K75: वेबसाइट पर पढ़ें: drishtiias.com • visionias.in • ncert.nic.in (क्लिक करें) | L75: विज्ञान | M75: भौतिकी II: ऊष्मा, प्रकाश, ध्वनि, विद्युत एवं आधुनिक भौतिकी (भाग 5/8) | N75: साप्ताहिक करेंट अफेयर्स संकलन + 20 MCQ (दृष्टि / विजन IAS साप्ताहिक) | O75: आज के विषय पर 50 MCQ (+ उससे संबंधित BPSC PYQ) | P75: कल के नोट्स दोहराएँ (30 मिनट) | Q75: 7.5 | R75: NCERT भूगोल (कक्षा 6-12) • सविन्द्र सिंह / माजिद हुसैन • दृष्टि IAS भूगोल नोट्स • विजन IAS • BPSC वाला | S75: NCERT विज्ञान (कक्षा 6-10) • लूसेंट सामान्य ज्ञान (विज्ञान) • दृष्टि IAS विज्ञान-प्रौद्योगिकी • BPSC वाला | T75: ▶ दृष्टि IAS | U75: ▶ BPSC वाला | V75: ▶ BPSC वाला | W75: शुरू नहीं हुआ | Y75: 📖 पढ़ें: दृष्टि • विजन • NCERT • जागरण जोश • GKToday
A76: 71 | B76: =सारांश!$B$4+A76-1 -> 46411 | C76: =CHOOSE(WEEKDAY(B76,2),"सोमवार","मंगलवार","बुधवार","गुरुवार","शुक्रवार","शनिवार","रविवार") -> रविवार | D76: =IF(A76=1,0,INT((A76-2)/7)+1) -> 10 | E76: =(YEAR(B76)-YEAR(सारांश!$B$4))*12+MONTH(B76)-MONTH(सारांश!$B$4)+IF(DAY(B76)>=DAY(सारांश!$B$4),1,0) -> 3 | F76: चरण 1: आधार निर्माण (प्रथम अध्ययन) | G76: टेस्ट एवं पुनरावृत्ति | H76: साप्ताहिक टेस्ट (100 MCQ, 90 मिनट) + विश्लेषण | I76: इस सप्ताह के विषय दोहराएँ: ब्रह्मांड, सौरमंडल एवं पृथ्वी; भू-आकृति विज्ञान: पृथ्वी का आंतरिक भाग, चट्टानें एवं स्थलरूप; जलवायु विज्ञान: वायुमंडल, पवनें एवं जलवायु। त्रुटि-लॉग अद्यतन करें; 20 कमज़ोर बिंदु सूचीबद्ध करें; संक्षिप्त नोट्स दोबारा पढ़ें। | J76: इस सप्ताह के अपने PDF/हस्तलिखित नोट्स दोबारा पढ़ें। उन्हें 1 पृष्ठ के साप्ताहिक सारांश PDF में जोड़ें (त्रुटि-लॉग + 20 कमज़ोर बिंदु)। | K76: वेबसाइट पर पढ़ें: drishtiias.com • visionias.in • pib.gov.in (क्लिक करें) | L76: पुनरावृत्ति | M76: सप्ताह के द्वितीयक/बिहार विषय दोहराएँ + साप्ताहिक करेंट अफेयर्स संकलन | N76: साप्ताहिक करेंट अफेयर्स संकलन (दृष्टि IAS / विजन IAS साप्ताहिक) + 20 MCQ | O76: लक्ष्य अंक: 55%+ (साप्ताहिक शीट में अपना स्कोर दर्ज करें) | P76: पूरे सप्ताह की पुनरावृत्ति (2 घंटे) | Q76: 6 | R76: BPSC वाला / दृष्टि IAS / विजन IAS टेस्ट सीरीज़ • BPSC के PYQ (bpsc.bihar.gov.in) | S76: स्वयं के संक्षिप्त नोट्स • त्रुटि-लॉग • साप्ताहिक करेंट अफेयर्स (दृष्टि / विजन IAS) | T76: ▶ दृष्टि IAS | U76: ▶ BPSC वाला | V76: ▶ BPSC वाला | W76: शुरू नहीं हुआ
A77: 72 | B77: =सारांश!$B$4+A77-1 -> 46412 | C77: =CHOOSE(WEEKDAY(B77,2),"सोमवार","मंगलवार","बुधवार","गुरुवार","शुक्रवार","शनिवार","रविवार") -> सोमवार | D77: =IF(A77=1,0,INT((A77-2)/7)+1) -> 11 | E77: =(YEAR(B77)-YEAR(सारांश!$B$4))*12+MONTH(B77)-MONTH(सारांश!$B$4)+IF(DAY(B77)>=DAY(सारांश!$B$4),1,0) -> 3 | F77: चरण 1: आधार निर्माण (प्रथम अध्ययन) | G77: भूगोल | H77: जलवायु विज्ञान: वायुमंडल, पवनें एवं जलवायु (भाग 3/4) | I77: वायुमंडल की परतें; सूर्यातप, ऊष्मा बजट; दाब पेटियाँ, पवनें, जेट धाराएँ; चक्रवात; आर्द्रता व वर्षण; कोपेन जलवायु वर्गीकरण | J77: पढ़ें: जलवायु विज्ञान: वायुमंडल, पवनें एवं जलवायु – NCERT भूगोल (कक्षा 6-12) • सविन्द्र सिंह / माजिद हुसैन • दृष्टि IAS भूगोल नोट्स। फिर स्वयं के 1-2 पृष्ठ के नोट्स + 10 फ्लैश-कार्ड बनाएँ और PDF के रूप में सहेजें ('जलवायु विज्ञान वायुमंडल, पवनें.pdf')। तैयार PDF नोट्स खोजने हेतु क्लिक करें। | K77: वेबसाइट पर पढ़ें: drishtiias.com • visionias.in • ncert.nic.in (क्लिक करें) | L77: विज्ञान | M77: भौतिकी II: ऊष्मा, प्रकाश, ध्वनि, विद्युत एवं आधुनिक भौतिकी (भाग 6/8) | N77: बिहार समाचार (प्रभात खबर / दैनिक जागरण) + दृष्टि IAS दैनिक करेंट अफेयर्स | O77: आज के विषय पर 50 MCQ (+ उससे संबंधित BPSC PYQ) | P77: कल के नोट्स दोहराएँ (30 मिनट) | Q77: 7.5 | R77: NCERT भूगोल (कक्षा 6-12) • सविन्द्र सिंह / माजिद हुसैन • दृष्टि IAS भूगोल नोट्स • विजन IAS • BPSC वाला | S77: NCERT विज्ञान (कक्षा 6-10) • लूसेंट सामान्य ज्ञान (विज्ञान) • दृष्टि IAS विज्ञान-प्रौद्योगिकी • BPSC वाला | T77: ▶ दृष्टि IAS | U77: ▶ BPSC वाला | V77: ▶ BPSC वाला | W77: शुरू नहीं हुआ | Y77: 📖 पढ़ें: दृष्टि • विजन • NCERT • जागरण जोश • GKToday
A78: 73 | B78: =सारांश!$B$4+A78-1 -> 46413 | C78: =CHOOSE(WEEKDAY(B78,2),"सोमवार","मंगलवार","बुधवार","गुरुवार","शुक्रवार","शनिवार","रविवार") -> मंगलवार | D78: =IF(A78=1,0,INT((A78-2)/7)+1) -> 11 | E78: =(YEAR(B78)-YEAR(सारांश!$B$4))*12+MONTH(B78)-MONTH(सारांश!$B$4)+IF(DAY(B78)>=DAY(सारांश!$B$4),1,0) -> 3 | F78: चरण 1: आधार निर्माण (प्रथम अध्ययन) | G78: भूगोल | H78: जलवायु विज्ञान: वायुमंडल, पवनें एवं जलवायु (भाग 4/4) | I78: वायुमंडल की परतें; सूर्यातप, ऊष्मा बजट; दाब पेटियाँ, पवनें, जेट धाराएँ; चक्रवात; आर्द्रता व वर्षण; कोपेन जलवायु वर्गीकरण | J78: पढ़ें: जलवायु विज्ञान: वायुमंडल, पवनें एवं जलवायु – NCERT भूगोल (कक्षा 6-12) • सविन्द्र सिंह / माजिद हुसैन • दृष्टि IAS भूगोल नोट्स। फिर स्वयं के 1-2 पृष्ठ के नोट्स + 10 फ्लैश-कार्ड बनाएँ और PDF के रूप में सहेजें ('जलवायु विज्ञान वायुमंडल, पवनें.pdf')। तैयार PDF नोट्स खोजने हेतु क्लिक करें। | K78: वेबसाइट पर पढ़ें: drishtiias.com • visionias.in • ncert.nic.in (क्लिक करें) | L78: विज्ञान | M78: भौतिकी II: ऊष्मा, प्रकाश, ध्वनि, विद्युत एवं आधुनिक भौतिकी (भाग 7/8) | N78: राजव्यवस्था, शासन व अर्थव्यवस्था के समाचार (द हिंदू / दृष्टि IAS) | O78: आज के विषय पर 50 MCQ (+ उससे संबंधित BPSC PYQ) | P78: कल के नोट्स दोहराएँ (30 मिनट) | Q78: 7.5 | R78: NCERT भूगोल (कक्षा 6-12) • सविन्द्र सिंह / माजिद हुसैन • दृष्टि IAS भूगोल नोट्स • विजन IAS • BPSC वाला | S78: NCERT विज्ञान (कक्षा 6-10) • लूसेंट सामान्य ज्ञान (विज्ञान) • दृष्टि IAS विज्ञान-प्रौद्योगिकी • BPSC वाला | T78: ▶ दृष्टि IAS | U78: ▶ BPSC वाला | V78: ▶ BPSC वाला | W78: शुरू नहीं हुआ | Y78: 📖 पढ़ें: दृष्टि • विजन • NCERT • जागरण जोश • GKToday
A79: 74 | B79: =सारांश!$B$4+A79-1 -> 46414 | C79: =CHOOSE(WEEKDAY(B79,2),"सोमवार","मंगलवार","बुधवार","गुरुवार","शुक्रवार","शनिवार","रविवार") -> बुधवार | D79: =IF(A79=1,0,INT((A79-2)/7)+1) -> 11 | E79: =(YEAR(B79)-YEAR(सारांश!$B$4))*12+MONTH(B79)-MONTH(सारांश!$B$4)+IF(DAY(B79)>=DAY(सारांश!$B$4),1,0) -> 3 | F79: चरण 1: आधार निर्माण (प्रथम अध्ययन) | G79: भूगोल | H79: समुद्र विज्ञान (भाग 1/2) | I79: महासागरीय उच्चावच; तापमान व लवणता; महासागरीय धाराएँ; ज्वार-भाटा; प्रवाल भित्तियाँ; समुद्री संसाधन | J79: पढ़ें: समुद्र विज्ञान – NCERT भूगोल (कक्षा 6-12) • सविन्द्र सिंह / माजिद हुसैन • दृष्टि IAS भूगोल नोट्स। फिर स्वयं के 1-2 पृष्ठ के नोट्स + 10 फ्लैश-कार्ड बनाएँ और PDF के रूप में सहेजें ('समुद्र विज्ञान.pdf')। तैयार PDF नोट्स खोजने हेतु क्लिक करें। | K79: वेबसाइट पर पढ़ें: drishtiias.com • visionias.in • ncert.nic.in (क्लिक करें) | L79: विज्ञान | M79: भौतिकी II: ऊष्मा, प्रकाश, ध्वनि, विद्युत एवं आधुनिक भौतिकी (भाग 8/8) | N79: विज्ञान-प्रौद्योगिकी, अंतरिक्ष व रक्षा समाचार | O79: आज के विषय पर 50 MCQ (+ उससे संबंधित BPSC PYQ) | P79: कल के नोट्स दोहराएँ (30 मिनट) | Q79: 7.5 | R79: NCERT भूगोल (कक्षा 6-12) • सविन्द्र सिंह / माजिद हुसैन • दृष्टि IAS भूगोल नोट्स • विजन IAS • BPSC वाला | S79: NCERT विज्ञान (कक्षा 6-10) • लूसेंट सामान्य ज्ञान (विज्ञान) • दृष्टि IAS विज्ञान-प्रौद्योगिकी • BPSC वाला | T79: ▶ दृष्टि IAS | U79: ▶ BPSC वाला | V79: ▶ BPSC वाला | W79: शुरू नहीं हुआ | Y79: 📖 पढ़ें: दृष्टि • विजन • NCERT • जागरण जोश • GKToday
A80: 75 | B80: =सारांश!$B$4+A80-1 -> 46415 | C80: =CHOOSE(WEEKDAY(B80,2),"सोमवार","मंगलवार","बुधवार","गुरुवार","शुक्रवार","शनिवार","रविवार") -> गुरुवार | D80: =IF(A80=1,0,INT((A80-2)/7)+1) -> 11 | E80: =(YEAR(B80)-YEAR(सारांश!$B$4))*12+MONTH(B80)-MONTH(सारांश!$B$4)+IF(DAY(B80)>=DAY(सारांश!$B$4),1,0) -> 3 | F80: चरण 1: आधार निर्माण (प्रथम अध्ययन) | G80: भूगोल | H80: समुद्र विज्ञान (भाग 2/2) | I80: महासागरीय उच्चावच; तापमान व लवणता; महासागरीय धाराएँ; ज्वार-भाटा; प्रवाल भित्तियाँ; समुद्री संसाधन | J80: पढ़ें: समुद्र विज्ञान – NCERT भूगोल (कक्षा 6-12) • सविन्द्र सिंह / माजिद हुसैन • दृष्टि IAS भूगोल नोट्स। फिर स्वयं के 1-2 पृष्ठ के नोट्स + 10 फ्लैश-कार्ड बनाएँ और PDF के रूप में सहेजें ('समुद्र विज्ञान.pdf')। तैयार PDF नोट्स खोजने हेतु क्लिक करें। | K80: वेबसाइट पर पढ़ें: drishtiias.com • visionias.in • ncert.nic.in (क्लिक करें) | L80: विज्ञान | M80: रसायन I: पदार्थ, परमाणु, आवर्त सारणी एवं अम्ल-क्षार (भाग 1/5) | N80: अंतर्राष्ट्रीय संबंध, शिखर सम्मेलन व भारत के पड़ोसी | O80: आज के विषय पर 50 MCQ (+ उससे संबंधित BPSC PYQ) | P80: कल के नोट्स दोहराएँ (30 मिनट) | Q80: 7.5 | R80: NCERT भूगोल (कक्षा 6-12) • सविन्द्र सिंह / माजिद हुसैन • दृष्टि IAS भूगोल नोट्स • विजन IAS • BPSC वाला | S80: NCERT विज्ञान (कक्षा 6-10) • लूसेंट सामान्य ज्ञान (विज्ञान) • दृष्टि IAS विज्ञान-प्रौद्योगिकी • BPSC वाला | T80: ▶ दृष्टि IAS | U80: ▶ BPSC वाला | V80: ▶ BPSC वाला | W80: शुरू नहीं हुआ | Y80: 📖 पढ़ें: दृष्टि • विजन • NCERT • जागरण जोश • GKToday
A81: 76 | B81: =सारांश!$B$4+A81-1 -> 46416 | C81: =CHOOSE(WEEKDAY(B81,2),"सोमवार","मंगलवार","बुधवार","गुरुवार","शुक्रवार","शनिवार","रविवार") -> शुक्रवार | D81: =IF(A81=1,0,INT((A81-2)/7)+1) -> 11 | E81: =(YEAR(B81)-YEAR(सारांश!$B$4))*12+MONTH(B81)-MONTH(सारांश!$B$4)+IF(DAY(B81)>=DAY(सारांश!$B$4),1,0) -> 3 | F81: चरण 1: आधार निर्माण (प्रथम अध्ययन) | G81: भूगोल | H81: भारत का भौतिक स्वरूप (भाग 1/3) | I81: हिमालय, उत्तरी मैदान, प्रायद्वीपीय पठार, तटीय मैदान, द्वीप, थार; पश्चिमी व पूर्वी घाट; दर्रे | J81: पढ़ें: भारत का भौतिक स्वरूप – NCERT भूगोल (कक्षा 6-12) • सविन्द्र सिंह / माजिद हुसैन • दृष्टि IAS भूगोल नोट्स। फिर स्वयं के 1-2 पृष्ठ के नोट्स + 10 फ्लैश-कार्ड बनाएँ और PDF के रूप में सहेजें ('भारत का भौतिक स्वरूप.pdf')। तैयार PDF नोट्स खोजने हेतु क्लिक करें। | K81: वेबसाइट पर पढ़ें: drishtiias.com • visionias.in • ncert.nic.in (क्लिक करें) | L81: विज्ञान | M81: रसायन I: पदार्थ, परमाणु, आवर्त सारणी एवं अम्ल-क्षार (भाग 2/5) | N81: पर्यावरण, योजनाएँ, रिपोर्ट व सूचकांक | O81: आज के विषय पर 50 MCQ (+ उससे संबंधित BPSC PYQ) | P81: कल के नोट्स दोहराएँ (30 मिनट) | Q81: 7.5 | R81: NCERT भूगोल (कक्षा 6-12) • सविन्द्र सिंह / माजिद हुसैन • दृष्टि IAS भूगोल नोट्स • विजन IAS • BPSC वाला | S81: NCERT विज्ञान (कक्षा 6-10) • लूसेंट सामान्य ज्ञान (विज्ञान) • दृष्टि IAS विज्ञान-प्रौद्योगिकी • BPSC वाला | T81: ▶ दृष्टि IAS | U81: ▶ BPSC वाला | V81: ▶ BPSC वाला | W81: शुरू नहीं हुआ | Y81: 📖 पढ़ें: दृष्टि • विजन • NCERT • जागरण जोश • GKToday
A82: 77 | B82: =सारांश!$B$4+A82-1 -> 46417 | C82: =CHOOSE(WEEKDAY(B82,2),"सोमवार","मंगलवार","बुधवार","गुरुवार","शुक्रवार","शनिवार","रविवार") -> शनिवार | D82: =IF(A82=1,0,INT((A82-2)/7)+1) -> 11 | E82: =(YEAR(B82)-YEAR(सारांश!$B$4))*12+MONTH(B82)-MONTH(सारांश!$B$4)+IF(DAY(B82)>=DAY(सारांश!$B$4),1,0) -> 3 | F82: चरण 1: आधार निर्माण (प्रथम अध्ययन) | G82: भूगोल | H82: भारत का भौतिक स्वरूप (भाग 2/3) | I82: हिमालय, उत्तरी मैदान, प्रायद्वीपीय पठार, तटीय मैदान, द्वीप, थार; पश्चिमी व पूर्वी घाट; दर्रे | J82: पढ़ें: भारत का भौतिक स्वरूप – NCERT भूगोल (कक्षा 6-12) • सविन्द्र सिंह / माजिद हुसैन • दृष्टि IAS भूगोल नोट्स। फिर स्वयं के 1-2 पृष्ठ के नोट्स + 10 फ्लैश-कार्ड बनाएँ और PDF के रूप में सहेजें ('भारत का भौतिक स्वरूप.pdf')। तैयार PDF नोट्स खोजने हेतु क्लिक करें। | K82: वेबसाइट पर पढ़ें: drishtiias.com • visionias.in • ncert.nic.in (क्लिक करें) | L82: विज्ञान | M82: रसायन I: पदार्थ, परमाणु, आवर्त सारणी एवं अम्ल-क्षार (भाग 3/5) | N82: साप्ताहिक करेंट अफेयर्स संकलन + 20 MCQ (दृष्टि / विजन IAS साप्ताहिक) | O82: आज के विषय पर 50 MCQ (+ उससे संबंधित BPSC PYQ) | P82: कल के नोट्स दोहराएँ (30 मिनट) | Q82: 7.5 | R82: NCERT भूगोल (कक्षा 6-12) • सविन्द्र सिंह / माजिद हुसैन • दृष्टि IAS भूगोल नोट्स • विजन IAS • BPSC वाला | S82: NCERT विज्ञान (कक्षा 6-10) • लूसेंट सामान्य ज्ञान (विज्ञान) • दृष्टि IAS विज्ञान-प्रौद्योगिकी • BPSC वाला | T82: ▶ दृष्टि IAS | U82: ▶ BPSC वाला | V82: ▶ BPSC वाला | W82: शुरू नहीं हुआ | Y82: 📖 पढ़ें: दृष्टि • विजन • NCERT • जागरण जोश • GKToday
A83: 78 | B83: =सारांश!$B$4+A83-1 -> 46418 | C83: =CHOOSE(WEEKDAY(B83,2),"सोमवार","मंगलवार","बुधवार","गुरुवार","शुक्रवार","शनिवार","रविवार") -> रविवार | D83: =IF(A83=1,0,INT((A83-2)/7)+1) -> 11 | E83: =(YEAR(B83)-YEAR(सारांश!$B$4))*12+MONTH(B83)-MONTH(सारांश!$B$4)+IF(DAY(B83)>=DAY(सारांश!$B$4),1,0) -> 3 | F83: चरण 1: आधार निर्माण (प्रथम अध्ययन) | G83: टेस्ट एवं पुनरावृत्ति | H83: साप्ताहिक टेस्ट (100 MCQ, 90 मिनट) + विश्लेषण | I83: इस सप्ताह के विषय दोहराएँ: जलवायु विज्ञान: वायुमंडल, पवनें एवं जलवायु; समुद्र विज्ञान; भारत का भौतिक स्वरूप। त्रुटि-लॉग अद्यतन करें; 20 कमज़ोर बिंदु सूचीबद्ध करें; संक्षिप्त नोट्स दोबारा पढ़ें। | J83: इस सप्ताह के अपने PDF/हस्तलिखित नोट्स दोबारा पढ़ें। उन्हें 1 पृष्ठ के साप्ताहिक सारांश PDF में जोड़ें (त्रुटि-लॉग + 20 कमज़ोर बिंदु)। | K83: वेबसाइट पर पढ़ें: drishtiias.com • visionias.in • pib.gov.in (क्लिक करें) | L83: पुनरावृत्ति | M83: सप्ताह के द्वितीयक/बिहार विषय दोहराएँ + साप्ताहिक करेंट अफेयर्स संकलन | N83: साप्ताहिक करेंट अफेयर्स संकलन (दृष्टि IAS / विजन IAS साप्ताहिक) + 20 MCQ | O83: लक्ष्य अंक: 55%+ (साप्ताहिक शीट में अपना स्कोर दर्ज करें) | P83: पूरे सप्ताह की पुनरावृत्ति (2 घंटे) | Q83: 6 | R83: BPSC वाला / दृष्टि IAS / विजन IAS टेस्ट सीरीज़ • BPSC के PYQ (bpsc.bihar.gov.in) | S83: स्वयं के संक्षिप्त नोट्स • त्रुटि-लॉग • साप्ताहिक करेंट अफेयर्स (दृष्टि / विजन IAS) | T83: ▶ दृष्टि IAS | U83: ▶ BPSC वाला | V83: ▶ BPSC वाला | W83: शुरू नहीं हुआ
A84: 79 | B84: =सारांश!$B$4+A84-1 -> 46419 | C84: =CHOOSE(WEEKDAY(B84,2),"सोमवार","मंगलवार","बुधवार","गुरुवार","शुक्रवार","शनिवार","रविवार") -> सोमवार | D84: =IF(A84=1,0,INT((A84-2)/7)+1) -> 12 | E84: =(YEAR(B84)-YEAR(सारांश!$B$4))*12+MONTH(B84)-MONTH(सारांश!$B$4)+IF(DAY(B84)>=DAY(सारांश!$B$4),1,0) -> 3 | F84: चरण 1: आधार निर्माण (प्रथम अध्ययन) | G84: भूगोल | H84: भारत का भौतिक स्वरूप (भाग 3/3) | I84: हिमालय, उत्तरी मैदान, प्रायद्वीपीय पठार, तटीय मैदान, द्वीप, थार; पश्चिमी व पूर्वी घाट; दर्रे | J84: पढ़ें: भारत का भौतिक स्वरूप – NCERT भूगोल (कक्षा 6-12) • सविन्द्र सिंह / माजिद हुसैन • दृष्टि IAS भूगोल नोट्स। फिर स्वयं के 1-2 पृष्ठ के नोट्स + 10 फ्लैश-कार्ड बनाएँ और PDF के रूप में सहेजें ('भारत का भौतिक स्वरूप.pdf')। तैयार PDF नोट्स खोजने हेतु क्लिक करें। | K84: वेबसाइट पर पढ़ें: drishtiias.com • visionias.in • ncert.nic.in (क्लिक करें) | L84: विज्ञान | M84: रसायन I: पदार्थ, परमाणु, आवर्त सारणी एवं अम्ल-क्षार (भाग 4/5) | N84: बिहार समाचार (प्रभात खबर / दैनिक जागरण) + दृष्टि IAS दैनिक करेंट अफेयर्स | O84: आज के विषय पर 50 MCQ (+ उससे संबंधित BPSC PYQ) | P84: कल के नोट्स दोहराएँ (30 मिनट) | Q84: 7.5 | R84: NCERT भूगोल (कक्षा 6-12) • सविन्द्र सिंह / माजिद हुसैन • दृष्टि IAS भूगोल नोट्स • विजन IAS • BPSC वाला | S84: NCERT विज्ञान (कक्षा 6-10) • लूसेंट सामान्य ज्ञान (विज्ञान) • दृष्टि IAS विज्ञान-प्रौद्योगिकी • BPSC वाला | T84: ▶ दृष्टि IAS | U84: ▶ BPSC वाला | V84: ▶ BPSC वाला | W84: शुरू नहीं हुआ | Y84: 📖 पढ़ें: दृष्टि • विजन • NCERT • जागरण जोश • GKToday
A85: 80 | B85: =सारांश!$B$4+A85-1 -> 46420 | C85: =CHOOSE(WEEKDAY(B85,2),"सोमवार","मंगलवार","बुधवार","गुरुवार","शुक्रवार","शनिवार","रविवार") -> मंगलवार | D85: =IF(A85=1,0,INT((A85-2)/7)+1) -> 12 | E85: =(YEAR(B85)-YEAR(सारांश!$B$4))*12+MONTH(B85)-MONTH(सारांश!$B$4)+IF(DAY(B85)>=DAY(सारांश!$B$4),1,0) -> 3 | F85: चरण 1: आधार निर्माण (प्रथम अध्ययन) | G85: भूगोल | H85: भारतीय अपवाह तंत्र (भाग 1/3) | I85: हिमालयी बनाम प्रायद्वीपीय नदियाँ; गंगा तंत्र (गंडक, कोसी, सोन, बागमती); ब्रह्मपुत्र; गोदावरी, कृष्णा, कावेरी; झीलें; नदी जोड़ो परियोजना | J85: पढ़ें: भारतीय अपवाह तंत्र – NCERT भूगोल (कक्षा 6-12) • सविन्द्र सिंह / माजिद हुसैन • दृष्टि IAS भूगोल नोट्स। फिर स्वयं के 1-2 पृष्ठ के नोट्स + 10 फ्लैश-कार्ड बनाएँ और PDF के रूप में सहेजें ('भारतीय अपवाह तंत्र.pdf')। तैयार PDF नोट्स खोजने हेतु क्लिक करें। | K85: वेबसाइट पर पढ़ें: drishtiias.com • visionias.in • ncert.nic.in (क्लिक करें) | L85: विज्ञान | M85: रसायन I: पदार्थ, परमाणु, आवर्त सारणी एवं अम्ल-क्षार (भाग 5/5) | N85: राजव्यवस्था, शासन व अर्थव्यवस्था के समाचार (द हिंदू / दृष्टि IAS) | O85: आज के विषय पर 50 MCQ (+ उससे संबंधित BPSC PYQ) | P85: कल के नोट्स दोहराएँ (30 मिनट) | Q85: 7.5 | R85: NCERT भूगोल (कक्षा 6-12) • सविन्द्र सिंह / माजिद हुसैन • दृष्टि IAS भूगोल नोट्स • विजन IAS • BPSC वाला | S85: NCERT विज्ञान (कक्षा 6-10) • लूसेंट सामान्य ज्ञान (विज्ञान) • दृष्टि IAS विज्ञान-प्रौद्योगिकी • BPSC वाला | T85: ▶ दृष्टि IAS | U85: ▶ BPSC वाला | V85: ▶ BPSC वाला | W85: शुरू नहीं हुआ | Y85: 📖 पढ़ें: दृष्टि • विजन • NCERT • जागरण जोश • GKToday
A86: 81 | B86: =सारांश!$B$4+A86-1 -> 46421 | C86: =CHOOSE(WEEKDAY(B86,2),"सोमवार","मंगलवार","बुधवार","गुरुवार","शुक्रवार","शनिवार","रविवार") -> बुधवार | D86: =IF(A86=1,0,INT((A86-2)/7)+1) -> 12 | E86: =(YEAR(B86)-YEAR(सारांश!$B$4))*12+MONTH(B86)-MONTH(सारांश!$B$4)+IF(DAY(B86)>=DAY(सारांश!$B$4),1,0) -> 3 | F86: चरण 1: आधार निर्माण (प्रथम अध्ययन) | G86: भूगोल | H86: भारतीय अपवाह तंत्र (भाग 2/3) | I86: हिमालयी बनाम प्रायद्वीपीय नदियाँ; गंगा तंत्र (गंडक, कोसी, सोन, बागमती); ब्रह्मपुत्र; गोदावरी, कृष्णा, कावेरी; झीलें; नदी जोड़ो परियोजना | J86: पढ़ें: भारतीय अपवाह तंत्र – NCERT भूगोल (कक्षा 6-12) • सविन्द्र सिंह / माजिद हुसैन • दृष्टि IAS भूगोल नोट्स। फिर स्वयं के 1-2 पृष्ठ के नोट्स + 10 फ्लैश-कार्ड बनाएँ और PDF के रूप में सहेजें ('भारतीय अपवाह तंत्र.pdf')। तैयार PDF नोट्स खोजने हेतु क्लिक करें। | K86: वेबसाइट पर पढ़ें: drishtiias.com • visionias.in • ncert.nic.in (क्लिक करें) | L86: विज्ञान | M86: रसायन II: धातु, कार्बन यौगिक एवं दैनिक जीवन में रसायन (भाग 1/5) | N86: विज्ञान-प्रौद्योगिकी, अंतरिक्ष व रक्षा समाचार | O86: आज के विषय पर 50 MCQ (+ उससे संबंधित BPSC PYQ) | P86: कल के नोट्स दोहराएँ (30 मिनट) | Q86: 7.5 | R86: NCERT भूगोल (कक्षा 6-12) • सविन्द्र सिंह / माजिद हुसैन • दृष्टि IAS भूगोल नोट्स • विजन IAS • BPSC वाला | S86: NCERT विज्ञान (कक्षा 6-10) • लूसेंट सामान्य ज्ञान (विज्ञान) • दृष्टि IAS विज्ञान-प्रौद्योगिकी • BPSC वाला | T86: ▶ दृष्टि IAS | U86: ▶ BPSC वाला | V86: ▶ BPSC वाला | W86: शुरू नहीं हुआ | Y86: 📖 पढ़ें: दृष्टि • विजन • NCERT • जागरण जोश • GKToday
A87: 82 | B87: =सारांश!$B$4+A87-1 -> 46422 | C87: =CHOOSE(WEEKDAY(B87,2),"सोमवार","मंगलवार","बुधवार","गुरुवार","शुक्रवार","शनिवार","रविवार") -> गुरुवार | D87: =IF(A87=1,0,INT((A87-2)/7)+1) -> 12 | E87: =(YEAR(B87)-YEAR(सारांश!$B$4))*12+MONTH(B87)-MONTH(सारांश!$B$4)+IF(DAY(B87)>=DAY(सारांश!$B$4),1,0) -> 3 | F87: चरण 1: आधार निर्माण (प्रथम अध्ययन) | G87: भूगोल | H87: भारतीय अपवाह तंत्र (भाग 3/3) | I87: हिमालयी बनाम प्रायद्वीपीय नदियाँ; गंगा तंत्र (गंडक, कोसी, सोन, बागमती); ब्रह्मपुत्र; गोदावरी, कृष्णा, कावेरी; झीलें; नदी जोड़ो परियोजना | J87: पढ़ें: भारतीय अपवाह तंत्र – NCERT भूगोल (कक्षा 6-12) • सविन्द्र सिंह / माजिद हुसैन • दृष्टि IAS भूगोल नोट्स। फिर स्वयं के 1-2 पृष्ठ के नोट्स + 10 फ्लैश-कार्ड बनाएँ और PDF के रूप में सहेजें ('भारतीय अपवाह तंत्र.pdf')। तैयार PDF नोट्स खोजने हेतु क्लिक करें। | K87: वेबसाइट पर पढ़ें: drishtiias.com • visionias.in • ncert.nic.in (क्लिक करें) | L87: विज्ञान | M87: रसायन II: धातु, कार्बन यौगिक एवं दैनिक जीवन में रसायन (भाग 2/5) | N87: अंतर्राष्ट्रीय संबंध, शिखर सम्मेलन व भारत के पड़ोसी | O87: आज के विषय पर 50 MCQ (+ उससे संबंधित BPSC PYQ) | P87: कल के नोट्स दोहराएँ (30 मिनट) | Q87: 7.5 | R87: NCERT भूगोल (कक्षा 6-12) • सविन्द्र सिंह / माजिद हुसैन • दृष्टि IAS भूगोल नोट्स • विजन IAS • BPSC वाला | S87: NCERT विज्ञान (कक्षा 6-10) • लूसेंट सामान्य ज्ञान (विज्ञान) • दृष्टि IAS विज्ञान-प्रौद्योगिकी • BPSC वाला | T87: ▶ दृष्टि IAS | U87: ▶ BPSC वाला | V87: ▶ BPSC वाला | W87: शुरू नहीं हुआ | Y87: 📖 पढ़ें: दृष्टि • विजन • NCERT • जागरण जोश • GKToday
A88: 83 | B88: =सारांश!$B$4+A88-1 -> 46423 | C88: =CHOOSE(WEEKDAY(B88,2),"सोमवार","मंगलवार","बुधवार","गुरुवार","शुक्रवार","शनिवार","रविवार") -> शुक्रवार | D88: =IF(A88=1,0,INT((A88-2)/7)+1) -> 12 | E88: =(YEAR(B88)-YEAR(सारांश!$B$4))*12+MONTH(B88)-MONTH(सारांश!$B$4)+IF(DAY(B88)>=DAY(सारांश!$B$4),1,0) -> 3 | F88: चरण 1: आधार निर्माण (प्रथम अध्ययन) | G88: भूगोल | H88: भारत की जलवायु, मानसून, मृदा एवं वनस्पति (भाग 1/3) | I88: मानसून की क्रियाविधि, एल नीनो, जेट धारा; ऋतुएँ; मृदा के प्रकार; प्राकृतिक वनस्पति व वनों के प्रकार | J88: पढ़ें: भारत की जलवायु, मानसून, मृदा एवं वनस्पति – NCERT भूगोल (कक्षा 6-12) • सविन्द्र सिंह / माजिद हुसैन • दृष्टि IAS भूगोल नोट्स। फिर स्वयं के 1-2 पृष्ठ के नोट्स + 10 फ्लैश-कार्ड बनाएँ और PDF के रूप में सहेजें ('भारत की जलवायु, मानसून, मृदा एवं.pdf')। तैयार PDF नोट्स खोजने हेतु क्लिक करें। | K88: वेबसाइट पर पढ़ें: drishtiias.com • visionias.in • ncert.nic.in (क्लिक करें) | L88: विज्ञान | M88: रसायन II: धातु, कार्बन यौगिक एवं दैनिक जीवन में रसायन (भाग 3/5) | N88: पर्यावरण, योजनाएँ, रिपोर्ट व सूचकांक | O88: आज के विषय पर 50 MCQ (+ उससे संबंधित BPSC PYQ) | P88: कल के नोट्स दोहराएँ (30 मिनट) | Q88: 7.5 | R88: NCERT भूगोल (कक्षा 6-12) • सविन्द्र सिंह / माजिद हुसैन • दृष्टि IAS भूगोल नोट्स • विजन IAS • BPSC वाला | S88: NCERT विज्ञान (कक्षा 6-10) • लूसेंट सामान्य ज्ञान (विज्ञान) • दृष्टि IAS विज्ञान-प्रौद्योगिकी • BPSC वाला | T88: ▶ दृष्टि IAS | U88: ▶ BPSC वाला | V88: ▶ BPSC वाला | W88: शुरू नहीं हुआ | Y88: 📖 पढ़ें: दृष्टि • विजन • NCERT • जागरण जोश • GKToday
A89: 84 | B89: =सारांश!$B$4+A89-1 -> 46424 | C89: =CHOOSE(WEEKDAY(B89,2),"सोमवार","मंगलवार","बुधवार","गुरुवार","शुक्रवार","शनिवार","रविवार") -> शनिवार | D89: =IF(A89=1,0,INT((A89-2)/7)+1) -> 12 | E89: =(YEAR(B89)-YEAR(सारांश!$B$4))*12+MONTH(B89)-MONTH(सारांश!$B$4)+IF(DAY(B89)>=DAY(सारांश!$B$4),1,0) -> 3 | F89: चरण 1: आधार निर्माण (प्रथम अध्ययन) | G89: भूगोल | H89: भारत की जलवायु, मानसून, मृदा एवं वनस्पति (भाग 2/3) | I89: मानसून की क्रियाविधि, एल नीनो, जेट धारा; ऋतुएँ; मृदा के प्रकार; प्राकृतिक वनस्पति व वनों के प्रकार | J89: पढ़ें: भारत की जलवायु, मानसून, मृदा एवं वनस्पति – NCERT भूगोल (कक्षा 6-12) • सविन्द्र सिंह / माजिद हुसैन • दृष्टि IAS भूगोल नोट्स। फिर स्वयं के 1-2 पृष्ठ के नोट्स + 10 फ्लैश-कार्ड बनाएँ और PDF के रूप में सहेजें ('भारत की जलवायु, मानसून, मृदा एवं.pdf')। तैयार PDF नोट्स खोजने हेतु क्लिक करें। | K89: वेबसाइट पर पढ़ें: drishtiias.com • visionias.in • ncert.nic.in (क्लिक करें) | L89: विज्ञान | M89: रसायन II: धातु, कार्बन यौगिक एवं दैनिक जीवन में रसायन (भाग 4/5) | N89: साप्ताहिक करेंट अफेयर्स संकलन + 20 MCQ (दृष्टि / विजन IAS साप्ताहिक) | O89: आज के विषय पर 50 MCQ (+ उससे संबंधित BPSC PYQ) | P89: कल के नोट्स दोहराएँ (30 मिनट) | Q89: 7.5 | R89: NCERT भूगोल (कक्षा 6-12) • सविन्द्र सिंह / माजिद हुसैन • दृष्टि IAS भूगोल नोट्स • विजन IAS • BPSC वाला | S89: NCERT विज्ञान (कक्षा 6-10) • लूसेंट सामान्य ज्ञान (विज्ञान) • दृष्टि IAS विज्ञान-प्रौद्योगिकी • BPSC वाला | T89: ▶ दृष्टि IAS | U89: ▶ BPSC वाला | V89: ▶ BPSC वाला | W89: शुरू नहीं हुआ | Y89: 📖 पढ़ें: दृष्टि • विजन • NCERT • जागरण जोश • GKToday
A90: 85 | B90: =सारांश!$B$4+A90-1 -> 46425 | C90: =CHOOSE(WEEKDAY(B90,2),"सोमवार","मंगलवार","बुधवार","गुरुवार","शुक्रवार","शनिवार","रविवार") -> रविवार | D90: =IF(A90=1,0,INT((A90-2)/7)+1) -> 12 | E90: =(YEAR(B90)-YEAR(सारांश!$B$4))*12+MONTH(B90)-MONTH(सारांश!$B$4)+IF(DAY(B90)>=DAY(सारांश!$B$4),1,0) -> 3 | F90: चरण 1: आधार निर्माण (प्रथम अध्ययन) | G90: टेस्ट एवं पुनरावृत्ति | H90: मासिक टेस्ट (150 प्रश्न, 2 घंटे, प्रारंभिक परीक्षा पैटर्न) + विश्लेषण + आधे दिन का विश्राम | I90: इस सप्ताह के विषय दोहराएँ: भारत का भौतिक स्वरूप; भारतीय अपवाह तंत्र; भारत की जलवायु, मानसून, मृदा एवं वनस्पति। त्रुटि-लॉग अद्यतन करें; 20 कमज़ोर बिंदु सूचीबद्ध करें; संक्षिप्त नोट्स दोबारा पढ़ें। | J90: इस सप्ताह के अपने PDF/हस्तलिखित नोट्स दोबारा पढ़ें। उन्हें 1 पृष्ठ के साप्ताहिक सारांश PDF में जोड़ें (त्रुटि-लॉग + 20 कमज़ोर बिंदु)। | K90: वेबसाइट पर पढ़ें: drishtiias.com • visionias.in • pib.gov.in (क्लिक करें) | L90: पुनरावृत्ति | M90: सप्ताह के द्वितीयक/बिहार विषय दोहराएँ + साप्ताहिक करेंट अफेयर्स संकलन | N90: साप्ताहिक करेंट अफेयर्स संकलन (दृष्टि IAS / विजन IAS साप्ताहिक) + 20 MCQ | O90: लक्ष्य अंक: 55%+ (साप्ताहिक शीट में अपना स्कोर दर्ज करें) | P90: पूरे सप्ताह की पुनरावृत्ति (2 घंटे) | Q90: 6 | R90: BPSC वाला / दृष्टि IAS / विजन IAS टेस्ट सीरीज़ • BPSC के PYQ (bpsc.bihar.gov.in) | S90: स्वयं के संक्षिप्त नोट्स • त्रुटि-लॉग • साप्ताहिक करेंट अफेयर्स (दृष्टि / विजन IAS) | T90: ▶ दृष्टि IAS | U90: ▶ BPSC वाला | V90: ▶ BPSC वाला | W90: शुरू नहीं हुआ
A91: 86 | B91: =सारांश!$B$4+A91-1 -> 46426 | C91: =CHOOSE(WEEKDAY(B91,2),"सोमवार","मंगलवार","बुधवार","गुरुवार","शुक्रवार","शनिवार","रविवार") -> सोमवार | D91: =IF(A91=1,0,INT((A91-2)/7)+1) -> 13 | E91: =(YEAR(B91)-YEAR(सारांश!$B$4))*12+MONTH(B91)-MONTH(सारांश!$B$4)+IF(DAY(B91)>=DAY(सारांश!$B$4),1,0) -> 3 | F91: चरण 1: आधार निर्माण (प्रथम अध्ययन) | G91: भूगोल | H91: भारत की जलवायु, मानसून, मृदा एवं वनस्पति (भाग 3/3) | I91: मानसून की क्रियाविधि, एल नीनो, जेट धारा; ऋतुएँ; मृदा के प्रकार; प्राकृतिक वनस्पति व वनों के प्रकार | J91: पढ़ें: भारत की जलवायु, मानसून, मृदा एवं वनस्पति – NCERT भूगोल (कक्षा 6-12) • सविन्द्र सिंह / माजिद हुसैन • दृष्टि IAS भूगोल नोट्स। फिर स्वयं के 1-2 पृष्ठ के नोट्स + 10 फ्लैश-कार्ड बनाएँ और PDF के रूप में सहेजें ('भारत की जलवायु, मानसून, मृदा एवं.pdf')। तैयार PDF नोट्स खोजने हेतु क्लिक करें। | K91: वेबसाइट पर पढ़ें: drishtiias.com • visionias.in • ncert.nic.in (क्लिक करें) | L91: विज्ञान | M91: रसायन II: धातु, कार्बन यौगिक एवं दैनिक जीवन में रसायन (भाग 5/5) | N91: बिहार समाचार (प्रभात खबर / दैनिक जागरण) + दृष्टि IAS दैनिक करेंट अफेयर्स | O91: आज के विषय पर 50 MCQ (+ उससे संबंधित BPSC PYQ) | P91: कल के नोट्स दोहराएँ (30 मिनट) | Q91: 7.5 | R91: NCERT भूगोल (कक्षा 6-12) • सविन्द्र सिंह / माजिद हुसैन • दृष्टि IAS भूगोल नोट्स • विजन IAS • BPSC वाला | S91: NCERT विज्ञान (कक्षा 6-10) • लूसेंट सामान्य ज्ञान (विज्ञान) • दृष्टि IAS विज्ञान-प्रौद्योगिकी • BPSC वाला | T91: ▶ दृष्टि IAS | U91: ▶ BPSC वाला | V91: ▶ BPSC वाला | W91: शुरू नहीं हुआ | Y91: 📖 पढ़ें: दृष्टि • विजन • NCERT • जागरण जोश • GKToday
A92: 87 | B92: =सारांश!$B$4+A92-1 -> 46427 | C92: =CHOOSE(WEEKDAY(B92,2),"सोमवार","मंगलवार","बुधवार","गुरुवार","शुक्रवार","शनिवार","रविवार") -> मंगलवार | D92: =IF(A92=1,0,INT((A92-2)/7)+1) -> 13 | E92: =(YEAR(B92)-YEAR(सारांश!$B$4))*12+MONTH(B92)-MONTH(सारांश!$B$4)+IF(DAY(B92)>=DAY(सारांश!$B$4),1,0) -> 3 | F92: चरण 1: आधार निर्माण (प्रथम अध्ययन) | G92: भूगोल | H92: भारतीय कृषि (भाग 1/3) | I92: फसल ऋतुएँ; प्रमुख फसलें व वितरण; सिंचाई; हरित व श्वेत क्रांति; भूमि सुधार; कृषि-जलवायु प्रदेश | J92: पढ़ें: भारतीय कृषि – NCERT भूगोल (कक्षा 6-12) • सविन्द्र सिंह / माजिद हुसैन • दृष्टि IAS भूगोल नोट्स। फिर स्वयं के 1-2 पृष्ठ के नोट्स + 10 फ्लैश-कार्ड बनाएँ और PDF के रूप में सहेजें ('भारतीय कृषि.pdf')। तैयार PDF नोट्स खोजने हेतु क्लिक करें। | K92: वेबसाइट पर पढ़ें: drishtiias.com • visionias.in • ncert.nic.in (क्लिक करें) | L92: विज्ञान | M92: जीव विज्ञान I: कोशिका, पादप एवं जंतु जगत (भाग 1/5) | N92: राजव्यवस्था, शासन व अर्थव्यवस्था के समाचार (द हिंदू / दृष्टि IAS) | O92: आज के विषय पर 50 MCQ (+ उससे संबंधित BPSC PYQ) | P92: कल के नोट्स दोहराएँ (30 मिनट) | Q92: 7.5 | R92: NCERT भूगोल (कक्षा 6-12) • सविन्द्र सिंह / माजिद हुसैन • दृष्टि IAS भूगोल नोट्स • विजन IAS • BPSC वाला | S92: NCERT विज्ञान (कक्षा 6-10) • लूसेंट सामान्य ज्ञान (विज्ञान) • दृष्टि IAS विज्ञान-प्रौद्योगिकी • BPSC वाला | T92: ▶ दृष्टि IAS | U92: ▶ BPSC वाला | V92: ▶ BPSC वाला | W92: शुरू नहीं हुआ | Y92: 📖 पढ़ें: दृष्टि • विजन • NCERT • जागरण जोश • GKToday
A93: 88 | B93: =सारांश!$B$4+A93-1 -> 46428 | C93: =CHOOSE(WEEKDAY(B93,2),"सोमवार","मंगलवार","बुधवार","गुरुवार","शुक्रवार","शनिवार","रविवार") -> बुधवार | D93: =IF(A93=1,0,INT((A93-2)/7)+1) -> 13 | E93: =(YEAR(B93)-YEAR(सारांश!$B$4))*12+MONTH(B93)-MONTH(सारांश!$B$4)+IF(DAY(B93)>=DAY(सारांश!$B$4),1,0) -> 3 | F93: चरण 1: आधार निर्माण (प्रथम अध्ययन) | G93: भूगोल | H93: भारतीय कृषि (भाग 2/3) | I93: फसल ऋतुएँ; प्रमुख फसलें व वितरण; सिंचाई; हरित व श्वेत क्रांति; भूमि सुधार; कृषि-जलवायु प्रदेश | J93: पढ़ें: भारतीय कृषि – NCERT भूगोल (कक्षा 6-12) • सविन्द्र सिंह / माजिद हुसैन • दृष्टि IAS भूगोल नोट्स। फिर स्वयं के 1-2 पृष्ठ के नोट्स + 10 फ्लैश-कार्ड बनाएँ और PDF के रूप में सहेजें ('भारतीय कृषि.pdf')। तैयार PDF नोट्स खोजने हेतु क्लिक करें। | K93: वेबसाइट पर पढ़ें: drishtiias.com • visionias.in • ncert.nic.in (क्लिक करें) | L93: विज्ञान | M93: जीव विज्ञान I: कोशिका, पादप एवं जंतु जगत (भाग 2/5) | N93: विज्ञान-प्रौद्योगिकी, अंतरिक्ष व रक्षा समाचार | O93: आज के विषय पर 50 MCQ (+ उससे संबंधित BPSC PYQ) | P93: कल के नोट्स दोहराएँ (30 मिनट) | Q93: 7.5 | R93: NCERT भूगोल (कक्षा 6-12) • सविन्द्र सिंह / माजिद हुसैन • दृष्टि IAS भूगोल नोट्स • विजन IAS • BPSC वाला | S93: NCERT विज्ञान (कक्षा 6-10) • लूसेंट सामान्य ज्ञान (विज्ञान) • दृष्टि IAS विज्ञान-प्रौद्योगिकी • BPSC वाला | T93: ▶ दृष्टि IAS | U93: ▶ BPSC वाला | V93: ▶ BPSC वाला | W93: शुरू नहीं हुआ | Y93: 📖 पढ़ें: दृष्टि • विजन • NCERT • जागरण जोश • GKToday
A94: 89 | B94: =सारांश!$B$4+A94-1 -> 46429 | C94: =CHOOSE(WEEKDAY(B94,2),"सोमवार","मंगलवार","बुधवार","गुरुवार","शुक्रवार","शनिवार","रविवार") -> गुरुवार | D94: =IF(A94=1,0,INT((A94-2)/7)+1) -> 13 | E94: =(YEAR(B94)-YEAR(सारांश!$B$4))*12+MONTH(B94)-MONTH(सारांश!$B$4)+IF(DAY(B94)>=DAY(सारांश!$B$4),1,0) -> 3 | F94: चरण 1: आधार निर्माण (प्रथम अध्ययन) | G94: भूगोल | H94: भारतीय कृषि (भाग 3/3) | I94: फसल ऋतुएँ; प्रमुख फसलें व वितरण; सिंचाई; हरित व श्वेत क्रांति; भूमि सुधार; कृषि-जलवायु प्रदेश | J94: पढ़ें: भारतीय कृषि – NCERT भूगोल (कक्षा 6-12) • सविन्द्र सिंह / माजिद हुसैन • दृष्टि IAS भूगोल नोट्स। फिर स्वयं के 1-2 पृष्ठ के नोट्स + 10 फ्लैश-कार्ड बनाएँ और PDF के रूप में सहेजें ('भारतीय कृषि.pdf')। तैयार PDF नोट्स खोजने हेतु क्लिक करें। | K94: वेबसाइट पर पढ़ें: drishtiias.com • visionias.in • ncert.nic.in (क्लिक करें) | L94: विज्ञान | M94: जीव विज्ञान I: कोशिका, पादप एवं जंतु जगत (भाग 3/5) | N94: अंतर्राष्ट्रीय संबंध, शिखर सम्मेलन व भारत के पड़ोसी | O94: आज के विषय पर 50 MCQ (+ उससे संबंधित BPSC PYQ) | P94: कल के नोट्स दोहराएँ (30 मिनट) | Q94: 7.5 | R94: NCERT भूगोल (कक्षा 6-12) • सविन्द्र सिंह / माजिद हुसैन • दृष्टि IAS भूगोल नोट्स • विजन IAS • BPSC वाला | S94: NCERT विज्ञान (कक्षा 6-10) • लूसेंट सामान्य ज्ञान (विज्ञान) • दृष्टि IAS विज्ञान-प्रौद्योगिकी • BPSC वाला | T94: ▶ दृष्टि IAS | U94: ▶ BPSC वाला | V94: ▶ BPSC वाला | W94: शुरू नहीं हुआ | Y94: 📖 पढ़ें: दृष्टि • विजन • NCERT • जागरण जोश • GKToday
A95: 90 | B95: =सारांश!$B$4+A95-1 -> 46430 | C95: =CHOOSE(WEEKDAY(B95,2),"सोमवार","मंगलवार","बुधवार","गुरुवार","शुक्रवार","शनिवार","रविवार") -> शुक्रवार | D95: =IF(A95=1,0,INT((A95-2)/7)+1) -> 13 | E95: =(YEAR(B95)-YEAR(सारांश!$B$4))*12+MONTH(B95)-MONTH(सारांश!$B$4)+IF(DAY(B95)>=DAY(सारांश!$B$4),1,0) -> 3 | F95: चरण 1: आधार निर्माण (प्रथम अध्ययन) | G95: भूगोल | H95: खनिज, ऊर्जा एवं उद्योग (भाग 1/3) | I95: लौह अयस्क, कोयला, अभ्रक, बॉक्साइट का वितरण; पेट्रोलियम; ऊर्जा (ताप, जल, नाभिकीय, नवीकरणीय); औद्योगिक प्रदेश; लौह-इस्पात, वस्त्र, चीनी | J95: पढ़ें: खनिज, ऊर्जा एवं उद्योग – NCERT भूगोल (कक्षा 6-12) • सविन्द्र सिंह / माजिद हुसैन • दृष्टि IAS भूगोल नोट्स। फिर स्वयं के 1-2 पृष्ठ के नोट्स + 10 फ्लैश-कार्ड बनाएँ और PDF के रूप में सहेजें ('खनिज, ऊर्जा एवं उद्योग.pdf')। तैयार PDF नोट्स खोजने हेतु क्लिक करें। | K95: वेबसाइट पर पढ़ें: drishtiias.com • visionias.in • ncert.nic.in (क्लिक करें) | L95: विज्ञान | M95: जीव विज्ञान I: कोशिका, पादप एवं जंतु जगत (भाग 4/5) | N95: पर्यावरण, योजनाएँ, रिपोर्ट व सूचकांक | O95: आज के विषय पर 50 MCQ (+ उससे संबंधित BPSC PYQ) | P95: कल के नोट्स दोहराएँ (30 मिनट) | Q95: 7.5 | R95: NCERT भूगोल (कक्षा 6-12) • सविन्द्र सिंह / माजिद हुसैन • दृष्टि IAS भूगोल नोट्स • विजन IAS • BPSC वाला | S95: NCERT विज्ञान (कक्षा 6-10) • लूसेंट सामान्य ज्ञान (विज्ञान) • दृष्टि IAS विज्ञान-प्रौद्योगिकी • BPSC वाला | T95: ▶ दृष्टि IAS | U95: ▶ BPSC वाला | V95: ▶ BPSC वाला | W95: शुरू नहीं हुआ | Y95: 📖 पढ़ें: दृष्टि • विजन • NCERT • जागरण जोश • GKToday
A96: 91 | B96: =सारांश!$B$4+A96-1 -> 46431 | C96: =CHOOSE(WEEKDAY(B96,2),"सोमवार","मंगलवार","बुधवार","गुरुवार","शुक्रवार","शनिवार","रविवार") -> शनिवार | D96: =IF(A96=1,0,INT((A96-2)/7)+1) -> 13 | E96: =(YEAR(B96)-YEAR(सारांश!$B$4))*12+MONTH(B96)-MONTH(सारांश!$B$4)+IF(DAY(B96)>=DAY(सारांश!$B$4),1,0) -> 3 | F96: चरण 1: आधार निर्माण (प्रथम अध्ययन) | G96: भूगोल | H96: खनिज, ऊर्जा एवं उद्योग (भाग 2/3) | I96: लौह अयस्क, कोयला, अभ्रक, बॉक्साइट का वितरण; पेट्रोलियम; ऊर्जा (ताप, जल, नाभिकीय, नवीकरणीय); औद्योगिक प्रदेश; लौह-इस्पात, वस्त्र, चीनी | J96: पढ़ें: खनिज, ऊर्जा एवं उद्योग – NCERT भूगोल (कक्षा 6-12) • सविन्द्र सिंह / माजिद हुसैन • दृष्टि IAS भूगोल नोट्स। फिर स्वयं के 1-2 पृष्ठ के नोट्स + 10 फ्लैश-कार्ड बनाएँ और PDF के रूप में सहेजें ('खनिज, ऊर्जा एवं उद्योग.pdf')। तैयार PDF नोट्स खोजने हेतु क्लिक करें। | K96: वेबसाइट पर पढ़ें: drishtiias.com • visionias.in • ncert.nic.in (क्लिक करें) | L96: विज्ञान | M96: जीव विज्ञान I: कोशिका, पादप एवं जंतु जगत (भाग 5/5) | N96: साप्ताहिक करेंट अफेयर्स संकलन + 20 MCQ (दृष्टि / विजन IAS साप्ताहिक) | O96: आज के विषय पर 50 MCQ (+ उससे संबंधित BPSC PYQ) | P96: कल के नोट्स दोहराएँ (30 मिनट) | Q96: 7.5 | R96: NCERT भूगोल (कक्षा 6-12) • सविन्द्र सिंह / माजिद हुसैन • दृष्टि IAS भूगोल नोट्स • विजन IAS • BPSC वाला | S96: NCERT विज्ञान (कक्षा 6-10) • लूसेंट सामान्य ज्ञान (विज्ञान) • दृष्टि IAS विज्ञान-प्रौद्योगिकी • BPSC वाला | T96: ▶ दृष्टि IAS | U96: ▶ BPSC वाला | V96: ▶ BPSC वाला | W96: शुरू नहीं हुआ | Y96: 📖 पढ़ें: दृष्टि • विजन • NCERT • जागरण जोश • GKToday
A97: 92 | B97: =सारांश!$B$4+A97-1 -> 46432 | C97: =CHOOSE(WEEKDAY(B97,2),"सोमवार","मंगलवार","बुधवार","गुरुवार","शुक्रवार","शनिवार","रविवार") -> रविवार | D97: =IF(A97=1,0,INT((A97-2)/7)+1) -> 13 | E97: =(YEAR(B97)-YEAR(सारांश!$B$4))*12+MONTH(B97)-MONTH(सारांश!$B$4)+IF(DAY(B97)>=DAY(सारांश!$B$4),1,0) -> 3 | F97: चरण 1: आधार निर्माण (प्रथम अध्ययन) | G97: टेस्ट एवं पुनरावृत्ति | H97: साप्ताहिक टेस्ट (100 MCQ, 90 मिनट) + विश्लेषण | I97: इस सप्ताह के विषय दोहराएँ: भारत की जलवायु, मानसून, मृदा एवं वनस्पति; भारतीय कृषि; खनिज, ऊर्जा एवं उद्योग। त्रुटि-लॉग अद्यतन करें; 20 कमज़ोर बिंदु सूचीबद्ध करें; संक्षिप्त नोट्स दोबारा पढ़ें। | J97: इस सप्ताह के अपने PDF/हस्तलिखित नोट्स दोबारा पढ़ें। उन्हें 1 पृष्ठ के साप्ताहिक सारांश PDF में जोड़ें (त्रुटि-लॉग + 20 कमज़ोर बिंदु)। | K97: वेबसाइट पर पढ़ें: drishtiias.com • visionias.in • pib.gov.in (क्लिक करें) | L97: पुनरावृत्ति | M97: सप्ताह के द्वितीयक/बिहार विषय दोहराएँ + साप्ताहिक करेंट अफेयर्स संकलन | N97: साप्ताहिक करेंट अफेयर्स संकलन (दृष्टि IAS / विजन IAS साप्ताहिक) + 20 MCQ | O97: लक्ष्य अंक: 55%+ (साप्ताहिक शीट में अपना स्कोर दर्ज करें) | P97: पूरे सप्ताह की पुनरावृत्ति (2 घंटे) | Q97: 6 | R97: BPSC वाला / दृष्टि IAS / विजन IAS टेस्ट सीरीज़ • BPSC के PYQ (bpsc.bihar.gov.in) | S97: स्वयं के संक्षिप्त नोट्स • त्रुटि-लॉग • साप्ताहिक करेंट अफेयर्स (दृष्टि / विजन IAS) | T97: ▶ दृष्टि IAS | U97: ▶ BPSC वाला | V97: ▶ BPSC वाला | W97: शुरू नहीं हुआ
A98: 93 | B98: =सारांश!$B$4+A98-1 -> 46433 | C98: =CHOOSE(WEEKDAY(B98,2),"सोमवार","मंगलवार","बुधवार","गुरुवार","शुक्रवार","शनिवार","रविवार") -> सोमवार | D98: =IF(A98=1,0,INT((A98-2)/7)+1) -> 14 | E98: =(YEAR(B98)-YEAR(सारांश!$B$4))*12+MONTH(B98)-MONTH(सारांश!$B$4)+IF(DAY(B98)>=DAY(सारांश!$B$4),1,0) -> 4 | F98: चरण 1: आधार निर्माण (प्रथम अध्ययन) | G98: भूगोल | H98: खनिज, ऊर्जा एवं उद्योग (भाग 3/3) | I98: लौह अयस्क, कोयला, अभ्रक, बॉक्साइट का वितरण; पेट्रोलियम; ऊर्जा (ताप, जल, नाभिकीय, नवीकरणीय); औद्योगिक प्रदेश; लौह-इस्पात, वस्त्र, चीनी | J98: पढ़ें: खनिज, ऊर्जा एवं उद्योग – NCERT भूगोल (कक्षा 6-12) • सविन्द्र सिंह / माजिद हुसैन • दृष्टि IAS भूगोल नोट्स। फिर स्वयं के 1-2 पृष्ठ के नोट्स + 10 फ्लैश-कार्ड बनाएँ और PDF के रूप में सहेजें ('खनिज, ऊर्जा एवं उद्योग.pdf')। तैयार PDF नोट्स खोजने हेतु क्लिक करें। | K98: वेबसाइट पर पढ़ें: drishtiias.com • visionias.in • ncert.nic.in (क्लिक करें) | L98: विज्ञान | M98: जीव विज्ञान II: मानव शरीर, पोषण एवं रोग (भाग 1/8) | N98: बिहार समाचार (प्रभात खबर / दैनिक जागरण) + दृष्टि IAS दैनिक करेंट अफेयर्स | O98: आज के विषय पर 50 MCQ (+ उससे संबंधित BPSC PYQ) | P98: कल के नोट्स दोहराएँ (30 मिनट) | Q98: 7.5 | R98: NCERT भूगोल (कक्षा 6-12) • सविन्द्र सिंह / माजिद हुसैन • दृष्टि IAS भूगोल नोट्स • विजन IAS • BPSC वाला | S98: NCERT विज्ञान (कक्षा 6-10) • लूसेंट सामान्य ज्ञान (विज्ञान) • दृष्टि IAS विज्ञान-प्रौद्योगिकी • BPSC वाला | T98: ▶ दृष्टि IAS | U98: ▶ BPSC वाला | V98: ▶ BPSC वाला | W98: शुरू नहीं हुआ | Y98: 📖 पढ़ें: दृष्टि • विजन • NCERT • जागरण जोश • GKToday
A99: 94 | B99: =सारांश!$B$4+A99-1 -> 46434 | C99: =CHOOSE(WEEKDAY(B99,2),"सोमवार","मंगलवार","बुधवार","गुरुवार","शुक्रवार","शनिवार","रविवार") -> मंगलवार | D99: =IF(A99=1,0,INT((A99-2)/7)+1) -> 14 | E99: =(YEAR(B99)-YEAR(सारांश!$B$4))*12+MONTH(B99)-MONTH(सारांश!$B$4)+IF(DAY(B99)>=DAY(सारांश!$B$4),1,0) -> 4 | F99: चरण 1: आधार निर्माण (प्रथम अध्ययन) | G99: भूगोल | H99: परिवहन, जनसंख्या, जनगणना एवं नगरीकरण (भाग 1/3) | I99: सड़क, रेल, बंदरगाह, वायु व जलमार्ग; जनगणना (नवीनतम) के संकेतक; प्रवासन; नगरीकरण; मानव विकास | J99: पढ़ें: परिवहन, जनसंख्या, जनगणना एवं नगरीकरण – NCERT भूगोल (कक्षा 6-12) • सविन्द्र सिंह / माजिद हुसैन • दृष्टि IAS भूगोल नोट्स। फिर स्वयं के 1-2 पृष्ठ के नोट्स + 10 फ्लैश-कार्ड बनाएँ और PDF के रूप में सहेजें ('परिवहन, जनसंख्या, जनगणना एवं.pdf')। तैयार PDF नोट्स खोजने हेतु क्लिक करें। | K99: वेबसाइट पर पढ़ें: drishtiias.com • visionias.in • ncert.nic.in (क्लिक करें) | L99: विज्ञान | M99: जीव विज्ञान II: मानव शरीर, पोषण एवं रोग (भाग 2/8) | N99: राजव्यवस्था, शासन व अर्थव्यवस्था के समाचार (द हिंदू / दृष्टि IAS) | O99: आज के विषय पर 50 MCQ (+ उससे संबंधित BPSC PYQ) | P99: कल के नोट्स दोहराएँ (30 मिनट) | Q99: 7.5 | R99: NCERT भूगोल (कक्षा 6-12) • सविन्द्र सिंह / माजिद हुसैन • दृष्टि IAS भूगोल नोट्स • विजन IAS • BPSC वाला | S99: NCERT विज्ञान (कक्षा 6-10) • लूसेंट सामान्य ज्ञान (विज्ञान) • दृष्टि IAS विज्ञान-प्रौद्योगिकी • BPSC वाला | T99: ▶ दृष्टि IAS | U99: ▶ BPSC वाला | V99: ▶ BPSC वाला | W99: शुरू नहीं हुआ | Y99: 📖 पढ़ें: दृष्टि • विजन • NCERT • जागरण जोश • GKToday
A100: 95 | B100: =सारांश!$B$4+A100-1 -> 46435 | C100: =CHOOSE(WEEKDAY(B100,2),"सोमवार","मंगलवार","बुधवार","गुरुवार","शुक्रवार","शनिवार","रविवार") -> बुधवार | D100: =IF(A100=1,0,INT((A100-2)/7)+1) -> 14 | E100: =(YEAR(B100)-YEAR(सारांश!$B$4))*12+MONTH(B100)-MONTH(सारांश!$B$4)+IF(DAY(B100)>=DAY(सारांश!$B$4),1,0) -> 4 | F100: चरण 1: आधार निर्माण (प्रथम अध्ययन) | G100: भूगोल | H100: परिवहन, जनसंख्या, जनगणना एवं नगरीकरण (भाग 2/3) | I100: सड़क, रेल, बंदरगाह, वायु व जलमार्ग; जनगणना (नवीनतम) के संकेतक; प्रवासन; नगरीकरण; मानव विकास | J100: पढ़ें: परिवहन, जनसंख्या, जनगणना एवं नगरीकरण – NCERT भूगोल (कक्षा 6-12) • सविन्द्र सिंह / माजिद हुसैन • दृष्टि IAS भूगोल नोट्स। फिर स्वयं के 1-2 पृष्ठ के नोट्स + 10 फ्लैश-कार्ड बनाएँ और PDF के रूप में सहेजें ('परिवहन, जनसंख्या, जनगणना एवं.pdf')। तैयार PDF नोट्स खोजने हेतु क्लिक करें। | K100: वेबसाइट पर पढ़ें: drishtiias.com • visionias.in • ncert.nic.in (क्लिक करें) | L100: विज्ञान | M100: जीव विज्ञान II: मानव शरीर, पोषण एवं रोग (भाग 3/8) | N100: विज्ञान-प्रौद्योगिकी, अंतरिक्ष व रक्षा समाचार | O100: आज के विषय पर 50 MCQ (+ उससे संबंधित BPSC PYQ) | P100: कल के नोट्स दोहराएँ (30 मिनट) | Q100: 7.5 | R100: NCERT भूगोल (कक्षा 6-12) • सविन्द्र सिंह / माजिद हुसैन • दृष्टि IAS भूगोल नोट्स • विजन IAS • BPSC वाला | S100: NCERT विज्ञान (कक्षा 6-10) • लूसेंट सामान्य ज्ञान (विज्ञान) • दृष्टि IAS विज्ञान-प्रौद्योगिकी • BPSC वाला | T100: ▶ दृष्टि IAS | U100: ▶ BPSC वाला | V100: ▶ BPSC वाला | W100: शुरू नहीं हुआ | Y100: 📖 पढ़ें: दृष्टि • विजन • NCERT • जागरण जोश • GKToday
A101: 96 | B101: =सारांश!$B$4+A101-1 -> 46436 | C101: =CHOOSE(WEEKDAY(B101,2),"सोमवार","मंगलवार","बुधवार","गुरुवार","शुक्रवार","शनिवार","रविवार") -> गुरुवार | D101: =IF(A101=1,0,INT((A101-2)/7)+1) -> 14 | E101: =(YEAR(B101)-YEAR(सारांश!$B$4))*12+MONTH(B101)-MONTH(सारांश!$B$4)+IF(DAY(B101)>=DAY(सारांश!$B$4),1,0) -> 4 | F101: चरण 1: आधार निर्माण (प्रथम अध्ययन) | G101: भूगोल | H101: परिवहन, जनसंख्या, जनगणना एवं नगरीकरण (भाग 3/3) | I101: सड़क, रेल, बंदरगाह, वायु व जलमार्ग; जनगणना (नवीनतम) के संकेतक; प्रवासन; नगरीकरण; मानव विकास | J101: पढ़ें: परिवहन, जनसंख्या, जनगणना एवं नगरीकरण – NCERT भूगोल (कक्षा 6-12) • सविन्द्र सिंह / माजिद हुसैन • दृष्टि IAS भूगोल नोट्स। फिर स्वयं के 1-2 पृष्ठ के नोट्स + 10 फ्लैश-कार्ड बनाएँ और PDF के रूप में सहेजें ('परिवहन, जनसंख्या, जनगणना एवं.pdf')। तैयार PDF नोट्स खोजने हेतु क्लिक करें। | K101: वेबसाइट पर पढ़ें: drishtiias.com • visionias.in • ncert.nic.in (क्लिक करें) | L101: विज्ञान | M101: जीव विज्ञान II: मानव शरीर, पोषण एवं रोग (भाग 4/8) | N101: अंतर्राष्ट्रीय संबंध, शिखर सम्मेलन व भारत के पड़ोसी | O101: आज के विषय पर 50 MCQ (+ उससे संबंधित BPSC PYQ) | P101: कल के नोट्स दोहराएँ (30 मिनट) | Q101: 7.5 | R101: NCERT भूगोल (कक्षा 6-12) • सविन्द्र सिंह / माजिद हुसैन • दृष्टि IAS भूगोल नोट्स • विजन IAS • BPSC वाला | S101: NCERT विज्ञान (कक्षा 6-10) • लूसेंट सामान्य ज्ञान (विज्ञान) • दृष्टि IAS विज्ञान-प्रौद्योगिकी • BPSC वाला | T101: ▶ दृष्टि IAS | U101: ▶ BPSC वाला | V101: ▶ BPSC वाला | W101: शुरू नहीं हुआ | Y101: 📖 पढ़ें: दृष्टि • विजन • NCERT • जागरण जोश • GKToday
A102: 97 | B102: =सारांश!$B$4+A102-1 -> 46437 | C102: =CHOOSE(WEEKDAY(B102,2),"सोमवार","मंगलवार","बुधवार","गुरुवार","शुक्रवार","शनिवार","रविवार") -> शुक्रवार | D102: =IF(A102=1,0,INT((A102-2)/7)+1) -> 14 | E102: =(YEAR(B102)-YEAR(सारांश!$B$4))*12+MONTH(B102)-MONTH(सारांश!$B$4)+IF(DAY(B102)>=DAY(सारांश!$B$4),1,0) -> 4 | F102: चरण 1: आधार निर्माण (प्रथम अध्ययन) | G102: भूगोल | H102: विश्व भूगोल (भाग 1/4) | I102: महाद्वीप व महासागर; देश–राजधानी–मुद्रा; पर्वत, नदियाँ, मरुस्थल, जलडमरूमध्य, झीलें; चर्चित स्थान; मानचित्र आधारित अभ्यास | J102: पढ़ें: विश्व भूगोल – NCERT भूगोल (कक्षा 6-12) • सविन्द्र सिंह / माजिद हुसैन • दृष्टि IAS भूगोल नोट्स। फिर स्वयं के 1-2 पृष्ठ के नोट्स + 10 फ्लैश-कार्ड बनाएँ और PDF के रूप में सहेजें ('विश्व भूगोल.pdf')। तैयार PDF नोट्स खोजने हेतु क्लिक करें। | K102: वेबसाइट पर पढ़ें: drishtiias.com • visionias.in • ncert.nic.in (क्लिक करें) | L102: विज्ञान | M102: जीव विज्ञान II: मानव शरीर, पोषण एवं रोग (भाग 5/8) | N102: पर्यावरण, योजनाएँ, रिपोर्ट व सूचकांक | O102: आज के विषय पर 50 MCQ (+ उससे संबंधित BPSC PYQ) | P102: कल के नोट्स दोहराएँ (30 मिनट) | Q102: 7.5 | R102: NCERT भूगोल (कक्षा 6-12) • सविन्द्र सिंह / माजिद हुसैन • दृष्टि IAS भूगोल नोट्स • विजन IAS • BPSC वाला | S102: NCERT विज्ञान (कक्षा 6-10) • लूसेंट सामान्य ज्ञान (विज्ञान) • दृष्टि IAS विज्ञान-प्रौद्योगिकी • BPSC वाला | T102: ▶ दृष्टि IAS | U102: ▶ BPSC वाला | V102: ▶ BPSC वाला | W102: शुरू नहीं हुआ | Y102: 📖 पढ़ें: दृष्टि • विजन • NCERT • जागरण जोश • GKToday
...

Sheet विषय सूची
A1: विषय सूची – हर विषय की सैद्धांतिक रूपरेखा, नोट्स स्रोत व YouTube लिंक
A2: लिंक हर कोचिंग चैनल + विषय की YouTube खोज के हैं (हमेशा काम करते हैं)। खोलकर उस चैनल का नवीनतम पूर्ण व्याख्यान/प्लेलिस्ट चुनें।
A5: क्र. | B5: विषय-क्षेत्र | C5: विषय | D5: सैद्धांतिक मुख्य बिंदु (अध्ययन रूपरेखा) | E5: चरण | F5: निर्धारित प्रथम तिथि | G5: अनुशंसित नोट्स / पुस्तकें | H5: YouTube – दृष्टि IAS | I5: YouTube – BPSC वाला | J5: YouTube – विजन IAS | K5: YouTube – EduTeria / अन्य | L5: सिद्धांत पढ़ लिया? | M5: सैद्धांतिक अध्ययन – वेबसाइट लिंक (थ्योरी पढ़ें)
A6: P01 | B6: इतिहास | C6: प्रागैतिहास एवं सिंधु घाटी सभ्यता | D6: पाषाण–ताम्र युग; सिंधु सभ्यता के स्थल (हड़प्पा, मोहनजोदड़ो, लोथल, धौलावीरा, कालीबंगा); नगर नियोजन, व्यापार, धर्म, लिपि; पतन के कारण | E6: प्राथमिक (चरण 1) | F6: =IFERROR(INDEX('दैनिक योजना'!$B$6:$B$552,MATCH(C6&"*",'दैनिक योजना'!$H$6:$H$552,0)),"") -> 46342 | G6: NCERT इतिहास (कक्षा 6-12) • स्पेक्ट्रम आधुनिक भारत • दृष्टि IAS इतिहास नोट्स (हिंदी) • विजन IAS PT365/क्लास नोट्स • BPSC वाला क्लास नोट्स | H6: ▶ दृष्टि IAS | I6: ▶ BPSC वाला | J6: ▶ विजन IAS | K6: ▶ EduTeria | L6: नहीं | M6: 📖 पढ़ें: दृष्टि • विजन • NCERT • जागरण जोश • GKToday
A7: P02 | B7: इतिहास | C7: वैदिक काल एवं महाजनपद | D7: पूर्व एवं उत्तर वैदिक समाज, राजनीति, अर्थव्यवस्था, धर्म; 16 महाजनपद; मगध का उत्कर्ष (बिम्बिसार, अजातशत्रु, नंद); लौह युग; द्वितीय नगरीकरण | E7: प्राथमिक (चरण 1) | F7: =IFERROR(INDEX('दैनिक योजना'!$B$6:$B$552,MATCH(C7&"*",'दैनिक योजना'!$H$6:$H$552,0)),"") -> 46345 | G7: NCERT इतिहास (कक्षा 6-12) • स्पेक्ट्रम आधुनिक भारत • दृष्टि IAS इतिहास नोट्स (हिंदी) • विजन IAS PT365/क्लास नोट्स • BPSC वाला क्लास नोट्स | H7: ▶ दृष्टि IAS | I7: ▶ BPSC वाला | J7: ▶ विजन IAS | K7: ▶ EduTeria | L7: नहीं | M7: 📖 पढ़ें: दृष्टि • विजन • NCERT • जागरण जोश • GKToday
A8: P03 | B8: इतिहास | C8: जैन, बौद्ध एवं अन्य नास्तिक संप्रदाय | D8: महावीर एवं बुद्ध का जीवन व शिक्षाएँ; चार आर्य सत्य, अष्टांगिक मार्ग; बौद्ध संगीतियाँ (राजगृह, वैशाली, पाटलिपुत्र); संप्रदाय; बिहार से संबंध (बोधगया, राजगीर, वैशाली) | E8: प्राथमिक (चरण 1) | F8: =IFERROR(INDEX('दैनिक योजना'!$B$6:$B$552,MATCH(C8&"*",'दैनिक योजना'!$H$6:$H$552,0)),"") -> 46349 | G8: NCERT इतिहास (कक्षा 6-12) • स्पेक्ट्रम आधुनिक भारत • दृष्टि IAS इतिहास नोट्स (हिंदी) • विजन IAS PT365/क्लास नोट्स • BPSC वाला क्लास नोट्स | H8: ▶ दृष्टि IAS | I8: ▶ BPSC वाला | J8: ▶ विजन IAS | K8: ▶ EduTeria | L8: नहीं | M8: 📖 पढ़ें: दृष्टि • विजन • NCERT • जागरण जोश • GKToday
A9: P04 | B9: इतिहास | C9: मौर्य साम्राज्य | D9: चंद्रगुप्त, बिंदुसार, अशोक; कलिंग युद्ध व धम्म; अभिलेख; अर्थशास्त्र; मेगस्थनीज; प्रशासन, अर्थव्यवस्था, कला; पतन | E9: प्राथमिक (चरण 1) | F9: =IFERROR(INDEX('दैनिक योजना'!$B$6:$B$552,MATCH(C9&"*",'दैनिक योजना'!$H$6:$H$552,0)),"") -> 46351 | G9: NCERT इतिहास (कक्षा 6-12) • स्पेक्ट्रम आधुनिक भारत • दृष्टि IAS इतिहास नोट्स (हिंदी) • विजन IAS PT365/क्लास नोट्स • BPSC वाला क्लास नोट्स | H9: ▶ दृष्टि IAS | I9: ▶ BPSC वाला | J9: ▶ विजन IAS | K9: ▶ EduTeria | L9: नहीं | M9: 📖 पढ़ें: दृष्टि • विजन • NCERT • जागरण जोश • GKToday
A10: P05 | B10: इतिहास | C10: मौर्योत्तर काल (शुंग, कुषाण, सातवाहन, संगम) | D10: शुंग व कण्व; हिंद-यूनानी, शक, कुषाण (कनिष्क); सातवाहन; संगम साहित्य व शासन; गांधार व मथुरा कला | E10: प्राथमिक (चरण 1) | F10: =IFERROR(INDEX('दैनिक योजना'!$B$6:$B$552,MATCH(C10&"*",'दैनिक योजना'!$H$6:$H$552,0)),"") -> 46354 | G10: NCERT इतिहास (कक्षा 6-12) • स्पेक्ट्रम आधुनिक भारत • दृष्टि IAS इतिहास नोट्स (हिंदी) • विजन IAS PT365/क्लास नोट्स • BPSC वाला क्लास नोट्स | H10: ▶ दृष्टि IAS | I10: ▶ BPSC वाला | J10: ▶ विजन IAS | K10: ▶ EduTeria | L10: नहीं | M10: 📖 पढ़ें: दृष्टि • विजन • NCERT • जागरण जोश • GKToday
A11: P06 | B11: इतिहास | C11: गुप्त साम्राज्य, हर्षवर्धन एवं पाल वंश | D11: समुद्रगुप्त, चंद्रगुप्त द्वितीय, स्कंदगुप्त; स्वर्ण युग (विज्ञान, कला, साहित्य); हर्षवर्धन व चीनी यात्री; पाल (धर्मपाल, नालंदा, विक्रमशिला) | E11: प्राथमिक (चरण 1) | F11: =IFERROR(INDEX('दैनिक योजना'!$B$6:$B$552,MATCH(C11&"*",'दैनिक योजना'!$H$6:$H$552,0)),"") -> 46356 | G11: NCERT इतिहास (कक्षा 6-12) • स्पेक्ट्रम आधुनिक भारत • दृष्टि IAS इतिहास नोट्स (हिंदी) • विजन IAS PT365/क्लास नोट्स • BPSC वाला क्लास नोट्स | H11: ▶ दृष्टि IAS | I11: ▶ BPSC वाला | J11: ▶ विजन IAS | K11: ▶ EduTeria | L11: नहीं | M11: 📖 पढ़ें: दृष्टि • विजन • NCERT • जागरण जोश • GKToday
A12: P07 | B12: इतिहास | C12: पूर्व मध्यकालीन भारत (राजपूत, चोल, चालुक्य, पल्लव) | D12: त्रिपक्षीय संघर्ष; चोल प्रशासन व कला; पल्लव/चालुक्य मंदिर शैली; सिंध पर अरब आक्रमण; गजनवी व गोरी आक्रमण; राजपूत राज्य | E12: प्राथमिक (चरण 1) | F12: =IFERROR(INDEX('दैनिक योजना'!$B$6:$B$552,MATCH(C12&"*",'दैनिक योजना'!$H$6:$H$552,0)),"") -> 46359 | G12: NCERT इतिहास (कक्षा 6-12) • स्पेक्ट्रम आधुनिक भारत • दृष्टि IAS इतिहास नोट्स (हिंदी) • विजन IAS PT365/क्लास नोट्स • BPSC वाला क्लास नोट्स | H12: ▶ दृष्टि IAS | I12: ▶ BPSC वाला | J12: ▶ विजन IAS | K12: ▶ EduTeria | L12: नहीं | M12: 📖 पढ़ें: दृष्टि • विजन • NCERT • जागरण जोश • GKToday
A13: P08 | B13: इतिहास | C13: दिल्ली सल्तनत | D13: गुलाम, खिलजी, तुगलक, सैयद, लोदी वंश; अलाउद्दीन व मुहम्मद बिन तुगलक के सुधार; प्रशासन, अर्थव्यवस्था, स्थापत्य; विजयनगर व बहमनी | E13: प्राथमिक (चरण 1) | F13: =IFERROR(INDEX('दैनिक योजना'!$B$6:$B$552,MATCH(C13&"*",'दैनिक योजना'!$H$6:$H$552,0)),"") -> 46361 | G13: NCERT इतिहास (कक्षा 6-12) • स्पेक्ट्रम आधुनिक भारत • दृष्टि IAS इतिहास नोट्स (हिंदी) • विजन IAS PT365/क्लास नोट्स • BPSC वाला क्लास नोट्स | H13: ▶ दृष्टि IAS | I13: ▶ BPSC वाला | J13: ▶ विजन IAS | K13: ▶ EduTeria | L13: नहीं | M13: 📖 पढ़ें: दृष्टि • विजन • NCERT • जागरण जोश • GKToday
A14: P09 | B14: इतिहास | C14: भक्ति एवं सूफी आंदोलन | D14: अलवार/नयनार, रामानंद, कबीर, नानक, चैतन्य, मीराबाई; सूफी सिलसिले (चिश्ती, सुहरावर्दी); समाज व भाषा पर प्रभाव | E14: प्राथमिक (चरण 1) | F14: =IFERROR(INDEX('दैनिक योजना'!$B$6:$B$552,MATCH(C14&"*",'दैनिक योजना'!$H$6:$H$552,0)),"") -> 46365 | G14: NCERT इतिहास (कक्षा 6-12) • स्पेक्ट्रम आधुनिक भारत • दृष्टि IAS इतिहास नोट्स (हिंदी) • विजन IAS PT365/क्लास नोट्स • BPSC वाला क्लास नोट्स | H14: ▶ दृष्टि IAS | I14: ▶ BPSC वाला | J14: ▶ विजन IAS | K14: ▶ EduTeria | L14: नहीं | M14: 📖 पढ़ें: दृष्टि • विजन • NCERT • जागरण जोश • GKToday
A15: P10 | B15: इतिहास | C15: मुगल साम्राज्य | D15: बाबर–औरंगज़ेब; शेरशाह सूरी (सासाराम, बिहार) व उसके सुधार; अकबर की नीतियाँ, मनसबदारी, भू-राजस्व; कला, स्थापत्य, साहित्य; पतन | E15: प्राथमिक (चरण 1) | F15: =IFERROR(INDEX('दैनिक योजना'!$B$6:$B$552,MATCH(C15&"*",'दैनिक योजना'!$H$6:$H$552,0)),"") -> 46366 | G15: NCERT इतिहास (कक्षा 6-12) • स्पेक्ट्रम आधुनिक भारत • दृष्टि IAS इतिहास नोट्स (हिंदी) • विजन IAS PT365/क्लास नोट्स • BPSC वाला क्लास नोट्स | H15: ▶ दृष्टि IAS | I15: ▶ BPSC वाला | J15: ▶ विजन IAS | K15: ▶ EduTeria | L15: नहीं | M15: 📖 पढ़ें: दृष्टि • विजन • NCERT • जागरण जोश • GKToday
A16: P11 | B16: इतिहास | C16: मराठा एवं क्षेत्रीय शक्तियाँ (18वीं शताब्दी) | D16: शिवाजी व प्रशासन, पेशवा, पानीपत 1761; सिख, राजपूत, अवध, बंगाल, हैदराबाद; मुगल पतन | E16: प्राथमिक (चरण 1) | F16: =IFERROR(INDEX('दैनिक योजना'!$B$6:$B$552,MATCH(C16&"*",'दैनिक योजना'!$H$6:$H$552,0)),"") -> 46372 | G16: NCERT इतिहास (कक्षा 6-12) • स्पेक्ट्रम आधुनिक भारत • दृष्टि IAS इतिहास नोट्स (हिंदी) • विजन IAS PT365/क्लास नोट्स • BPSC वाला क्लास नोट्स | H16: ▶ दृष्टि IAS | I16: ▶ BPSC वाला | J16: ▶ विजन IAS | K16: ▶ EduTeria | L16: नहीं | M16: 📖 पढ़ें: दृष्टि • विजन • NCERT • जागरण जोश • GKToday
A17: P12 | B17: इतिहास | C17: यूरोपीय आगमन एवं ब्रिटिश विस्तार | D17: पुर्तगाली, डच, फ्रांसीसी, अंग्रेज़ कंपनियाँ; कर्नाटक युद्ध; प्लासी 1757 व बक्सर 1764 (बिहार संबंध); सहायक संधि, व्यपगत सिद्धांत; भू-राजस्व व्यवस्थाएँ; आर्थिक निकास | E17: प्राथमिक (चरण 1) | F17: =IFERROR(INDEX('दैनिक योजना'!$B$6:$B$552,MATCH(C17&"*",'दैनिक योजना'!$H$6:$H$552,0)),"") -> 46373 | G17: NCERT इतिहास (कक्षा 6-12) • स्पेक्ट्रम आधुनिक भारत • दृष्टि IAS इतिहास नोट्स (हिंदी) • विजन IAS PT365/क्लास नोट्स • BPSC वाला क्लास नोट्स | H17: ▶ दृष्टि IAS | I17: ▶ BPSC वाला | J17: ▶ विजन IAS | K17: ▶ EduTeria | L17: नहीं | M17: 📖 पढ़ें: दृष्टि • विजन • NCERT • जागरण जोश • GKToday
... A57: P52 | B57: पर्यावरण | C57: जलवायु परिवर्तन, प्रदूषण एवं पर्यावरण कानून | D57: वैश्विक तापन, ओज़ोन; UNFCCC, क्योटो, पेरिस, COP; वायु/जल/मृदा प्रदूषण; EIA; पर्यावरण संरक्षण अधिनियम; NGT; नवीकरणीय ऊर्जा लक्ष्य | E57: प्राथमिक (चरण 1) | F57: =IFERROR(INDEX('दैनिक योजना'!$B$6:$B$552,MATCH(C57&"*",'दैनिक योजना'!$H$6:$H$552,0)),"") -> 46520 | G57: NCERT कक्षा 12 जीव विज्ञान (पारिस्थितिकी) / शंकर IAS • दृष्टि IAS पर्यावरण नोट्स • विजन IAS पर्यावरण | H57: ▶ दृष्टि IAS | I57: ▶ BPSC वाला | J57: ▶ विजन IAS | K57: ▶ EduTeria | L57: नहीं | M57: 📖 पढ़ें: दृष्टि • विजन • NCERT • जागरण जोश • GKToday
A58: S01 | B58: बिहार विशेष | C58: बिहार – प्राचीन इतिहास | D58: मगध, मौर्य व गुप्तकालीन बिहार; नालंदा, विक्रमशिला, ओदंतपुरी विश्वविद्यालय; बौद्ध व जैन स्थल; पालकाल | E58: द्वितीयक (चरण 1) | F58: =IFERROR(INDEX('दैनिक योजना'!$B$6:$B$552,MATCH(C58&"*",'दैनिक योजना'!$M$6:$M$552,0)),"") -> 46342 | G58: नवीनतम बिहार आर्थिक सर्वेक्षण व बजट • BPSC वाला बिहार विशेष • दृष्टि IAS बिहार विशेष (हिंदी) • राज्य सरकार के पोर्टल • बिहार सामान्य ज्ञान पुस्तक (लूसेंट/प्रभात) | H58: ▶ दृष्टि IAS | I58: ▶ BPSC वाला | J58: ▶ विजन IAS | K58: ▶ EduTeria | L58: नहीं | M58: 📖 पढ़ें: दृष्टि • जागरण जोश • GKToday • Testbook • बिहार सरकार
A59: S02 | B59: बिहार विशेष | C59: बिहार – मध्यकालीन एवं औपनिवेशिक इतिहास | D59: शेरशाह व सासाराम; मुगलकालीन बिहार सूबा; प्लासी–बक्सर; स्थायी बंदोबस्त; चंपारण, नील आंदोलन, बिहार में 1857; जनजातीय विद्रोह | E59: द्वितीयक (चरण 1) | F59: =IFERROR(INDEX('दैनिक योजना'!$B$6:$B$552,MATCH(C59&"*",'दैनिक योजना'!$M$6:$M$552,0)),"") -> 46347 | G59: नवीनतम बिहार आर्थिक सर्वेक्षण व बजट • BPSC वाला बिहार विशेष • दृष्टि IAS बिहार विशेष (हिंदी) • राज्य सरकार के पोर्टल • बिहार सामान्य ज्ञान पुस्तक (लूसेंट/प्रभात) | H59: ▶ दृष्टि IAS | I59: ▶ BPSC वाला | J59: ▶ विजन IAS | K59: ▶ EduTeria | L59: नहीं | M59: 📖 पढ़ें: दृष्टि • जागरण जोश • GKToday • Testbook • बिहार सरकार
A60: S03 | B60: बिहार विशेष | C60: बिहार – स्वतंत्रता संग्राम एवं आधुनिक राजनीति | D60: चंपारण सत्याग्रह, बिहार में भारत छोड़ो 1942; डॉ. राजेंद्र प्रसाद, श्रीकृष्ण सिंह, जेपी; बिहार का गठन 1912 व झारखंड अलगाव 2000; जेपी आंदोलन 1974 | E60: द्वितीयक (चरण 1) | F60: =IFERROR(INDEX('दैनिक योजना'!$B$6:$B$552,MATCH(C60&"*",'दैनिक योजना'!$M$6:$M$552,0)),"") -> 46353 | G60: नवीनतम बिहार आर्थिक सर्वेक्षण व बजट • BPSC वाला बिहार विशेष • दृष्टि IAS बिहार विशेष (हिंदी) • राज्य सरकार के पोर्टल • बिहार सामान्य ज्ञान पुस्तक (लूसेंट/प्रभात) | H60: ▶ दृष्टि IAS | I60: ▶ BPSC वाला | J60: ▶ विजन IAS | K60: ▶ EduTeria | L60: नहीं | M60: 📖 पढ़ें: दृष्टि • जागरण जोश • GKToday • Testbook • बिहार सरकार
A61: S04 | B61: बिहार विशेष | C61: बिहार – भूगोल: भौतिक स्वरूप, नदियाँ एवं जलवायु | D61: बिहार का मैदान व कैमूर/राजगीर की पहाड़ियाँ; गंगा, कोसी, गंडक, सोन, बागमती; बाढ़ व सूखा; मृदा; वन व वन्यजीव; जलवायु; ज़िले व प्रमंडल | E61: द्वितीयक (चरण 1) | F61: =IFERROR(INDEX('दैनिक योजना'!$B$6:$B$552,MATCH(C61&"*",'दैनिक योजना'!$M$6:$M$552,0)),"") -> 46359 | G61: नवीनतम बिहार आर्थिक सर्वेक्षण व बजट • BPSC वाला बिहार विशेष • दृष्टि IAS बिहार विशेष (हिंदी) • राज्य सरकार के पोर्टल • बिहार सामान्य ज्ञान पुस्तक (लूसेंट/प्रभात) | H61: ▶ दृष्टि IAS | I61: ▶ BPSC वाला | J61: ▶ विजन IAS | K61: ▶ EduTeria | L61: नहीं | M61: 📖 पढ़ें: दृष्टि • जागरण जोश • GKToday • Testbook • बिहार सरकार
A62: S05 | B62: बिहार विशेष | C62: बिहार – कृषि, सिंचाई एवं उद्योग | D62: फसलें (धान, गेहूँ, मक्का, लीची, मखाना); कृषि रोड मैप; नहर व नलकूप; खनिज; चीनी, जूट, खाद्य प्रसंस्करण; बिहार औद्योगिक नीति | E62: द्वितीयक (चरण 1) | F62: =IFERROR(INDEX('दैनिक योजना'!$B$6:$B$552,MATCH(C62&"*",'दैनिक योजना'!$M$6:$M$552,0)),"") -> 46368 | G62: नवीनतम बिहार आर्थिक सर्वेक्षण व बजट • BPSC वाला बिहार विशेष • दृष्टि IAS बिहार विशेष (हिंदी) • राज्य सरकार के पोर्टल • बिहार सामान्य ज्ञान पुस्तक (लूसेंट/प्रभात) | H62: ▶ दृष्टि IAS | I62: ▶ BPSC वाला | J62: ▶ विजन IAS | K62: ▶ EduTeria | L62: नहीं | M62: 📖 पढ़ें: दृष्टि • जागरण जोश • GKToday • Testbook • बिहार सरकार
A63: S06 | B63: बिहार विशेष | C63: बिहार – अर्थव्यवस्था, बजट एवं सरकारी योजनाएँ | D63: नवीनतम बिहार आर्थिक सर्वेक्षण; GSDP, प्रति व्यक्ति आय; बिहार बजट; जीविका, सात निश्चय, हर घर नल का जल, मुख्यमंत्री कन्या उत्थान व अन्य योजनाएँ | E63: द्वितीयक (चरण 1) | F63: =IFERROR(INDEX('दैनिक योजना'!$B$6:$B$552,MATCH(C63&"*",'दैनिक योजना'!$M$6:$M$552,0)),"") -> 46374 | G63: नवीनतम बिहार आर्थिक सर्वेक्षण व बजट • BPSC वाला बिहार विशेष • दृष्टि IAS बिहार विशेष (हिंदी) • राज्य सरकार के पोर्टल • बिहार सामान्य ज्ञान पुस्तक (लूसेंट/प्रभात) | H63: ▶ दृष्टि IAS | I63: ▶ BPSC वाला | J63: ▶ विजन IAS | K63: ▶ EduTeria | L63: नहीं | M63: 📖 पढ़ें: दृष्टि • जागरण जोश • GKToday • Testbook • बिहार सरकार
A64: S07 | B64: बिहार विशेष | C64: बिहार – राजव्यवस्था एवं प्रशासन | D64: राज्यपाल, मुख्यमंत्री, विधानसभा/विधान परिषद; बिहार पंचायती राज अधिनियम; बिहार लोक सेवा आयोग; लोकायुक्त; राज्य आयोग; प्रमुख राज्य कानून | E64: द्वितीयक (चरण 1) | F64: =IFERROR(INDEX('दैनिक योजना'!$B$6:$B$552,MATCH(C64&"*",'दैनिक योजना'!$M$6:$M$552,0)),"") -> 46382 | G64: नवीनतम बिहार आर्थिक सर्वेक्षण व बजट • BPSC वाला बिहार विशेष • दृष्टि IAS बिहार विशेष (हिंदी) • राज्य सरकार के पोर्टल • बिहार सामान्य ज्ञान पुस्तक (लूसेंट/प्रभात) | H64: ▶ दृष्टि IAS | I64: ▶ BPSC वाला | J64: ▶ विजन IAS | K64: ▶ EduTeria | L64: नहीं | M64: 📖 पढ़ें: दृष्टि • जागरण जोश • GKToday • Testbook • बिहार सरकार
A65: S08 | B65: बिहार विशेष | C65: बिहार – कला, संस्कृति, साहित्य एवं पर्यटन | D65: मधुबनी, मंजूषा, सुजनी कला; लोकगीत व लोकनृत्य; त्योहार (छठ, सामा-चकेवा); भाषाएँ (मैथिली, भोजपुरी, मगही); पर्यटन स्थल; GI टैग | E65: द्वितीयक (चरण 1) | F65: =IFERROR(INDEX('दैनिक योजना'!$B$6:$B$552,MATCH(C65&"*",'दैनिक योजना'!$M$6:$M$552,0)),"") -> 46388 | G65: नवीनतम बिहार आर्थिक सर्वेक्षण व बजट • BPSC वाला बिहार विशेष • दृष्टि IAS बिहार विशेष (हिंदी) • राज्य सरकार के पोर्टल • बिहार सामान्य ज्ञान पुस्तक (लूसेंट/प्रभात) | H65: ▶ दृष्टि IAS | I65: ▶ BPSC वाला | J65: ▶ विजन IAS | K65: ▶ EduTeria | L65: नहीं | M65: 📖 पढ़ें: दृष्टि • जागरण जोश • GKToday • Testbook • बिहार सरकार
A66: S09 | B66: बिहार विशेष | C66: बिहार – जनसांख्यिकी, शिक्षा एवं स्वास्थ्य | D66: जनगणना संकेतक; साक्षरता, लिंगानुपात; शिक्षा व स्वास्थ्य योजनाएँ; विश्वविद्यालय; सामाजिक संकेतक; SDG सूचकांक; प्रवासन | E66: द्वितीयक (चरण 1) | F66: =IFERROR(INDEX('दैनिक योजना'!$B$6:$B$552,MATCH(C66&"*",'दैनिक योजना'!$M$6:$M$552,0)),"") -> 46394 | G66: नवीनतम बिहार आर्थिक सर्वेक्षण व बजट • BPSC वाला बिहार विशेष • दृष्टि IAS बिहार विशेष (हिंदी) • राज्य सरकार के पोर्टल • बिहार सामान्य ज्ञान पुस्तक (लूसेंट/प्रभात) | H66: ▶ दृष्टि IAS | I66: ▶ BPSC वाला | J66: ▶ विजन IAS | K66: ▶ EduTeria | L66: नहीं | M66: 📖 पढ़ें: दृष्टि • जागरण जोश • GKToday • Testbook • बिहार सरकार
A67: S10 | B67: विज्ञान | C67: भौतिकी I: गति, बल, कार्य एवं गुरुत्वाकर्षण | D67: SI मात्रक; न्यूटन के नियम; कार्य-ऊर्जा-शक्ति; गुरुत्वाकर्षण; दाब, आर्किमिडीज़ का सिद्धांत व घनत्व | E67: द्वितीयक (चरण 1) | F67: =IFERROR(INDEX('दैनिक योजना'!$B$6:$B$552,MATCH(C67&"*",'दैनिक योजना'!$M$6:$M$552,0)),"") -> 46400 | G67: NCERT विज्ञान (कक्षा 6-10) • लूसेंट सामान्य ज्ञान (विज्ञान) • दृष्टि IAS विज्ञान-प्रौद्योगिकी • BPSC वाला | H67: ▶ दृष्टि IAS | I67: ▶ BPSC वाला | J67: ▶ विजन IAS | K67: ▶ EduTeria | L67: नहीं | M67: 📖 पढ़ें: दृष्टि • विजन • NCERT • जागरण जोश • GKToday
A68: S11 | B68: विज्ञान | C68: भौतिकी II: ऊष्मा, प्रकाश, ध्वनि, विद्युत एवं आधुनिक भौतिकी | D68: ऊष्मा व ताप; परावर्तन/अपवर्तन, लेंस; ध्वनि; धारा, ओम का नियम, चुंबकत्व; नाभिकीय भौतिकी; महत्वपूर्ण खोजें | E68: द्वितीयक (चरण 1) | F68: =IFERROR(INDEX('दैनिक योजना'!$B$6:$B$552,MATCH(C68&"*",'दैनिक योजना'!$M$6:$M$552,0)),"") -> 46406 | G68: NCERT विज्ञान (कक्षा 6-10) • लूसेंट सामान्य ज्ञान (विज्ञान) • दृष्टि IAS विज्ञान-प्रौद्योगिकी • BPSC वाला | H68: ▶ दृष्टि IAS | I68: ▶ BPSC वाला | J68: ▶ विजन IAS | K68: ▶ EduTeria | L68: नहीं | M68: 📖 पढ़ें: दृष्टि • विजन • NCERT • जागरण जोश • GKToday
A69: S12 | B69: विज्ञान | C69: रसायन I: पदार्थ, परमाणु, आवर्त सारणी एवं अम्ल-क्षार | D69: पदार्थ की अवस्थाएँ; परमाणु संरचना; आवर्ती प्रवृत्तियाँ; रासायनिक आबंधन; अम्ल, क्षार, लवण व pH | E69: द्वितीयक (चरण 1) | F69: =IFERROR(INDEX('दैनिक योजना'!$B$6:$B$552,MATCH(C69&"*",'दैनिक योजना'!$M$6:$M$552,0)),"") -> 46415 | G69: NCERT विज्ञान (कक्षा 6-10) • लूसेंट सामान्य ज्ञान (विज्ञान) • दृष्टि IAS विज्ञान-प्रौद्योगिकी • BPSC वाला | H69: ▶ दृष्टि IAS | I69: ▶ BPSC वाला | J69: ▶ विजन IAS | K69: ▶ EduTeria | L69: नहीं | M69: 📖 पढ़ें: दृष्टि • विजन • NCERT • जागरण जोश • GKToday
... A95: M12 | B95: मुख्य परीक्षा | C95: केस स्टडी, नैतिकता एवं ईमानदारी की मूल बातें | D95: प्रशासनिक निर्णय-निर्माण के केस; सत्यनिष्ठा, निष्पक्षता, लोकसेवा मूल्य; बिहार प्रशासन के केस | E95: मुख्य परीक्षा कौशल (चरण 2) | F95: =IFERROR(INDEX('दैनिक योजना'!$B$6:$B$552,MATCH(C95&"*",'दैनिक योजना'!$M$6:$M$552,0)),"") -> 46701 | G95: दृष्टि IAS मुख्य परीक्षा उत्तर लेखन • विजन IAS Mains 365 • BPSC मुख्य परीक्षा के PYQ • समाचार पत्र (प्रभात खबर, दैनिक जागरण, द हिंदू) | H95: ▶ दृष्टि IAS | I95: ▶ BPSC वाला | J95: ▶ विजन IAS | K95: ▶ EduTeria | L95: नहीं | M95: 📖 पढ़ें: दृष्टि • विजन • जागरण जोश • Insights

Sheet संसाधन
A1: संसाधन एवं लिंक
A2: आधिकारिक साइटें + YouTube चैनल खोज। (कोचिंग नोट्स सशुल्क/कॉपीराइट वाले होते हैं – उन्हें कोचिंग के अपने ऐप/साइट/PDF से पढ़ें।)
A5: संसाधन | B5: प्रकार | C5: उपयोग | D5: लिंक
A6: BPSC – आधिकारिक वेबसाइट | B6: आधिकारिक | C6: अधिसूचना, पाठ्यक्रम, परीक्षा पैटर्न, PYQ, परिणाम | D6: https://bpsc.bihar.gov.in
A7: दृष्टि IAS – वेबसाइट | B7: कोचिंग | C7: हिंदी नोट्स, दैनिक करेंट अफेयर्स, संपादकीय, अवधारणा लेख | D7: https://www.drishtiias.com
A8: दृष्टि IAS – YouTube (BPSC) | B8: YouTube खोज | C8: व्याख्यान व करेंट अफेयर्स वीडियो | D8: https://www.youtube.com/results?search_query=Drishti+IAS+BPSC
A9: विजन IAS – वेबसाइट | B9: कोचिंग | C9: PT 365, Mains 365, करेंट अफेयर्स पत्रिकाएँ, टेस्ट सीरीज़ | D9: https://visionias.in
A10: विजन IAS – YouTube | B10: YouTube खोज | C10: व्याख्यान व करेंट अफेयर्स वीडियो | D10: https://www.youtube.com/results?search_query=Vision+IAS+BPSC
A11: BPSC वाला – YouTube | B11: YouTube खोज | C11: संपूर्ण BPSC कक्षाएँ, बिहार विशेष, गणित, हिंदी | D11: https://www.youtube.com/results?search_query=BPSC+Wallah+BPSC
